{"type":"FeatureCollection","name":"ROU_adm1","crs":{"type":"name","properties":{"name":"urn:ogc:def:crs:OGC:1.3:CRS84"}},"features":[{"type":"Feature","properties":{"ID_0":187,"ISO":"ROU","NAME_0":"Romania","ID_1":1,"NAME_1":"Alba","TYPE_1":"Judet","ENGTYPE_1":"County","NL_NAME_1":"","VARNAME_1":""},"geometry":{"type":"Polygon","coordinates":[[[23.9869,46.4313],[24.0006,46.4286],[24.0159,46.4414],[24.0334,46.4459],[24.0367,46.4067],[23.9909,46.3801],[23.9988,46.3708],[24.017,46.3681],[24.03,46.354],[24.052,46.3432],[24.0888,46.335],[24.1312,46.3372],[24.1491,46.3282],[24.1487,46.2963],[24.1606,46.2918],[24.1632,46.2795],[24.1766,46.2717],[24.1949,46.2825],[24.2328,46.2599],[24.2347,46.2476],[24.2507,46.2418],[24.2306,46.2318],[24.2101,46.233],[24.1919,46.2243],[24.2001,46.2137],[24.1904,46.1916],[24.196,46.1776],[24.2098,46.1758],[24.2183,46.1625],[24.1532,46.1352],[24.1249,46.1367],[24.0911,46.1161],[24.075,46.0935],[24.0445,46.0784],[24.0285,46.0629],[24.0341,46.041],[24.0285,46.029],[24.0088,46.0169],[23.9924,46.0187],[23.9694,46.0342],[23.8931,46.044],[23.8518,46.0119],[23.8585,46.0011],[23.854,45.9858],[23.8626,45.977],[23.8544,45.9589],[23.8373,45.9489],[23.8179,45.9236],[23.7937,45.9281],[23.7602,45.9203],[23.7513,45.9225],[23.7316,45.91],[23.7319,45.8974],[23.7513,45.8854],[23.7684,45.8887],[23.7751,45.8811],[23.7491,45.8621],[23.7342,45.8445],[23.7327,45.8319],[23.7163,45.8244],[23.6958,45.8257],[23.697,45.8088],[23.646,45.8048],[23.6285,45.8078],[23.6237,45.7835],[23.64,45.7785],[23.6605,45.7637],[23.6471,45.7463],[23.6292,45.7531],[23.6181,45.7453],[23.6203,45.7353],[23.6039,45.7235],[23.6047,45.7137],[23.5905,45.7027],[23.608,45.6874],[23.5928,45.6771],[23.5987,45.6705],[23.627,45.6592],[23.6464,45.6404],[23.6464,45.6304],[23.6344,45.6206],[23.6449,45.6113],[23.6504,45.5945],[23.6315,45.589],[23.6222,45.5762],[23.6229,45.5556],[23.6393,45.5448],[23.6538,45.5192],[23.653,45.5114],[23.6668,45.4936],[23.7051,45.4971],[23.6914,45.4871],[23.6895,45.4773],[23.6765,45.4672],[23.6419,45.4559],[23.6177,45.4569],[23.6129,45.467],[23.5995,45.4727],[23.5969,45.4926],[23.579,45.5079],[23.5738,45.5209],[23.5559,45.531],[23.5381,45.5501],[23.5198,45.5511],[23.5046,45.5639],[23.4994,45.5799],[23.4554,45.5802],[23.4301,45.589],[23.4201,45.6138],[23.4279,45.6234],[23.413,45.6336],[23.3896,45.6231],[23.3717,45.6276],[23.3695,45.6407],[23.3851,45.6477],[23.3911,45.6575],[23.4037,45.6595],[23.4205,45.6743],[23.4063,45.6916],[23.3855,45.6964],[23.3676,45.7072],[23.3635,45.716],[23.3825,45.7594],[23.3773,45.7712],[23.3587,45.7765],[23.3494,45.7885],[23.3386,45.8204],[23.3252,45.8382],[23.333,45.8764],[23.3122,45.8932],[23.3148,45.9037],[23.3356,45.909],[23.3245,45.9215],[23.2999,45.9185],[23.2668,45.9338],[23.2534,45.9597],[23.2538,45.9697],[23.2363,45.9898],[23.2418,46.0094],[23.2359,46.027],[23.2102,46.0365],[23.1857,46.0275],[23.1358,46.0373],[23.1153,46.0475],[23.1053,46.0606],[23.0855,46.0711],[23.0993,46.0799],[23.0863,46.1033],[23.0658,46.1095],[23.0688,46.1216],[23.0565,46.1409],[23.0781,46.1457],[23.0993,46.1397],[23.106,46.1507],[23.0922,46.166],[23.0971,46.1826],[23.0714,46.1989],[23.0695,46.2082],[23.0521,46.2142],[23.0413,46.2089],[23.0137,46.2152],[23.0044,46.212],[22.9832,46.2182],[22.9784,46.233],[22.9583,46.2458],[22.9579,46.2602],[22.949,46.2664],[22.965,46.2832],[22.9598,46.2933],[22.9441,46.2993],[22.9348,46.3269],[22.9222,46.3324],[22.8742,46.3382],[22.8466,46.3282],[22.8135,46.3259],[22.7797,46.35],[22.7503,46.3515],[22.7298,46.3636],[22.7019,46.3668],[22.7004,46.3791],[22.6836,46.3862],[22.6781,46.4062],[22.7212,46.4313],[22.69,46.4421],[22.6941,46.4537],[22.6807,46.4685],[22.674,46.4866],[22.6814,46.4928],[22.6762,46.5071],[22.6784,46.5235],[22.6929,46.5192],[22.7279,46.547],[22.7789,46.5483],[22.7979,46.5671],[22.8135,46.5694],[22.8135,46.5581],[22.8377,46.5468],[22.8798,46.5368],[22.8969,46.539],[22.924,46.5536],[22.9497,46.5556],[22.9609,46.5503],[23.0014,46.5488],[23.0022,46.5345],[23.013,46.5039],[23.0338,46.5024],[23.0573,46.4928],[23.048,46.4702],[23.0878,46.467],[23.0993,46.4715],[23.1094,46.4923],[23.1339,46.4923],[23.1455,46.5036],[23.1868,46.5099],[23.1976,46.4928],[23.2389,46.4911],[23.2508,46.4981],[23.2712,46.4981],[23.2843,46.5094],[23.2999,46.5094],[23.3148,46.5202],[23.3371,46.5242],[23.3449,46.5332],[23.3933,46.54],[23.4022,46.5307],[23.4324,46.53],[23.4562,46.5177],[23.4644,46.5046],[23.5172,46.4931],[23.5247,46.4863],[23.5455,46.5031],[23.5611,46.4886],[23.5756,46.4974],[23.598,46.4873],[23.6047,46.4697],[23.5905,46.4497],[23.5939,46.4364],[23.6043,46.4293],[23.6062,46.4148],[23.6356,46.4032],[23.6609,46.3995],[23.681,46.409],[23.6579,46.4168],[23.6527,46.4278],[23.6739,46.4298],[23.6702,46.4394],[23.6791,46.4499],[23.7033,46.4579],[23.7323,46.4519],[23.7673,46.4625],[23.7818,46.4587],[23.8157,46.4667],[23.8447,46.4637],[23.8566,46.4512],[23.8778,46.4537],[23.9113,46.4637],[23.9247,46.4497],[23.9485,46.4494],[23.9656,46.4369],[23.9869,46.4313]]]}},{"type":"Feature","properties":{"ID_0":187,"ISO":"ROU","NAME_0":"Romania","ID_1":2,"NAME_1":"Arad","TYPE_1":"Judet","ENGTYPE_1":"County","NL_NAME_1":"","VARNAME_1":""},"geometry":{"type":"Polygon","coordinates":[[[22.6781,46.4062],[22.6836,46.3862],[22.7004,46.3791],[22.7019,46.3668],[22.7298,46.3636],[22.7503,46.3515],[22.7302,46.3362],[22.6784,46.3186],[22.684,46.3101],[22.6766,46.288],[22.6624,46.2717],[22.6568,46.2576],[22.6639,46.2489],[22.6583,46.2351],[22.6375,46.2263],[22.6275,46.2315],[22.6074,46.2187],[22.5887,46.2253],[22.5858,46.2338],[22.5151,46.225],[22.4879,46.2363],[22.4704,46.233],[22.4392,46.2084],[22.4496,46.1934],[22.4548,46.1633],[22.4685,46.1487],[22.447,46.1163],[22.4332,46.1068],[22.4153,46.1085],[22.4068,46.0957],[22.4191,46.0814],[22.4306,46.0787],[22.4358,46.0491],[22.4291,46.0337],[22.4429,46.0277],[22.4388,46.0114],[22.4142,46.0099],[22.4064,46.0026],[22.3919,46.0084],[22.3848,45.9953],[22.3502,45.9984],[22.3394,45.9926],[22.3413,45.979],[22.3539,45.973],[22.3245,45.9717],[22.3037,45.9321],[22.2613,45.9346],[22.2479,45.9213],[22.2453,45.903],[22.2233,45.9035],[22.2196,45.9128],[22.2047,45.9215],[22.1682,45.9281],[22.1556,45.921],[22.1284,45.9273],[22.1269,45.9369],[22.1016,45.9419],[22.0678,45.9607],[22.0473,45.9627],[22.0105,45.9712],[22.0,45.9682],[21.9889,45.9778],[21.9892,45.9886],[21.9699,45.9946],[21.9591,45.9881],[21.9383,45.9883],[21.9215,45.9795],[21.9178,45.9635],[21.8951,45.9529],[21.8754,45.9577],[21.8672,45.9489],[21.853,45.9474],[21.8248,45.9627],[21.8095,45.9449],[21.8009,45.9256],[21.7708,45.9173],[21.7701,45.9389],[21.7771,45.9479],[21.7645,45.9567],[21.744,45.9785],[21.7243,45.9775],[21.7261,45.9687],[21.7053,45.9446],[21.6941,45.9168],[21.6692,45.9065],[21.6685,45.9271],[21.6502,45.9477],[21.632,45.9451],[21.6435,45.9743],[21.5925,45.9908],[21.5933,45.9948],[21.5259,46.0104],[21.5382,46.0332],[21.5174,46.0681],[21.4991,46.0694],[21.479,46.0636],[21.437,46.0438],[21.4511,46.0297],[21.4184,46.0172],[21.4229,46.0122],[21.383,46.0009],[21.3693,45.9908],[21.3469,46.0001],[21.3354,46.0091],[21.3161,46.0094],[21.2863,46.0204],[21.2755,46.0159],[21.2636,45.9951],[21.2394,45.9876],[21.2386,45.972],[21.1932,45.9853],[21.1732,45.9996],[21.1274,45.9775],[21.1118,45.9775],[21.0864,45.9973],[21.076,46.0124],[21.0704,46.04],[21.0515,46.0365],[20.9789,46.0388],[20.9424,46.0375],[20.9119,46.0732],[20.8903,46.0844],[20.8706,46.0829],[20.8587,46.0907],[20.8334,46.0912],[20.8051,46.1078],[20.7992,46.1218],[20.7835,46.1249],[20.7746,46.1432],[20.7657,46.1467],[20.7299,46.1452],[20.7188,46.1595],[20.7069,46.1613],[20.7154,46.1663],[20.7288,46.2077],[20.7634,46.2047],[20.7504,46.2509],[20.7772,46.2762],[20.791,46.2735],[20.8751,46.2878],[20.8922,46.2717],[20.9238,46.2622],[20.9268,46.2765],[20.9484,46.2795],[20.954,46.2652],[20.9919,46.2599],[21.0265,46.2669],[21.0384,46.2481],[21.0675,46.2431],[21.0961,46.2627],[21.1047,46.2629],[21.117,46.3021],[21.1471,46.3051],[21.1717,46.2983],[21.1821,46.3043],[21.1746,46.3186],[21.1776,46.336],[21.2011,46.3483],[21.1981,46.3711],[21.2078,46.4035],[21.2271,46.4138],[21.277,46.407],[21.2911,46.4138],[21.319,46.4512],[21.2978,46.4765],[21.2759,46.4768],[21.2621,46.5024],[21.2818,46.5453],[21.2952,46.5526],[21.3224,46.5832],[21.3027,46.591],[21.3157,46.6178],[21.3313,46.6319],[21.3548,46.6306],[21.367,46.6382],[21.383,46.6286],[21.4109,46.6224],[21.418,46.6429],[21.4433,46.6517],[21.4575,46.6673],[21.4735,46.6618],[21.4887,46.6469],[21.5133,46.6367],[21.5404,46.6299],[21.5479,46.6018],[21.5687,46.6005],[21.5628,46.6201],[21.5646,46.6384],[21.578,46.6507],[21.6123,46.6442],[21.6316,46.6495],[21.6487,46.665],[21.6603,46.6625],[21.6908,46.6653],[21.699,46.6603],[21.7273,46.6592],[21.7578,46.6635],[21.7849,46.6542],[21.811,46.6562],[21.8404,46.6688],[21.8638,46.6728],[21.8709,46.6813],[21.9081,46.6683],[21.9115,46.661],[21.8828,46.6314],[21.9122,46.6306],[21.917,46.6259],[21.9491,46.6206],[22.0023,46.6249],[22.0112,46.6377],[22.0302,46.6452],[22.0462,46.6374],[22.0808,46.6372],[22.0908,46.6331],[22.0905,46.6183],[22.1094,46.6158],[22.1176,46.603],[22.1679,46.6045],[22.1768,46.5978],[22.1664,46.5721],[22.1816,46.5415],[22.1772,46.5368],[22.1995,46.5142],[22.2583,46.5074],[22.2743,46.5011],[22.3163,46.5154],[22.329,46.5019],[22.3245,46.4835],[22.3402,46.4765],[22.348,46.4537],[22.3711,46.4278],[22.4034,46.41],[22.4131,46.4092],[22.4258,46.3939],[22.4544,46.3854],[22.5154,46.3867],[22.575,46.3982],[22.5895,46.3982],[22.6204,46.3909],[22.6505,46.3919],[22.6676,46.4045],[22.6781,46.4062]]]}},{"type":"Feature","properties":{"ID_0":187,"ISO":"ROU","NAME_0":"Romania","ID_1":3,"NAME_1":"Arges","TYPE_1":"Judet","ENGTYPE_1":"County","NL_NAME_1":"","VARNAME_1":"Arges"},"geometry":{"type":"Polygon","coordinates":[[[25.3232,45.3814],[25.3183,45.3701],[25.3269,45.3563],[25.3262,45.3455],[25.3113,45.3362],[25.3176,45.3229],[25.3049,45.2988],[25.3068,45.2925],[25.2826,45.2714],[25.2867,45.2408],[25.2953,45.2323],[25.2711,45.2137],[25.2491,45.2112],[25.2566,45.1833],[25.2305,45.1675],[25.2089,45.1635],[25.1967,45.172],[25.181,45.1956],[25.1665,45.2079],[25.1479,45.1989],[25.1539,45.1896],[25.155,45.1572],[25.1483,45.1316],[25.1594,45.1188],[25.1781,45.1075],[25.1807,45.0905],[25.1706,45.0807],[25.1438,45.0844],[25.1267,45.0659],[25.1501,45.0521],[25.1487,45.0385],[25.1736,45.0408],[25.1888,45.0335],[25.1985,45.0189],[25.197,44.9906],[25.1784,44.9896],[25.1706,44.9727],[25.1687,44.9225],[25.1993,44.9035],[25.1933,44.8854],[25.1948,44.8711],[25.2056,44.8545],[25.1978,44.848],[25.1903,44.8284],[25.2015,44.8114],[25.1989,44.8061],[25.2145,44.7825],[25.2115,44.7642],[25.1937,44.7361],[25.184,44.7376],[25.187,44.716],[25.1926,44.7115],[25.2339,44.7007],[25.2391,44.6951],[25.1978,44.6668],[25.1896,44.6708],[25.1699,44.662],[25.181,44.6497],[25.2063,44.6329],[25.1944,44.6201],[25.2015,44.6078],[25.2153,44.6151],[25.222,44.602],[25.2551,44.5626],[25.2767,44.5676],[25.299,44.5566],[25.2815,44.5282],[25.2592,44.5122],[25.267,44.5069],[25.2819,44.4753],[25.2715,44.4627],[25.2789,44.4534],[25.2365,44.4246],[25.2048,44.4567],[25.1568,44.4381],[25.1591,44.4346],[25.1126,44.4163],[25.0958,44.4153],[25.0668,44.3977],[25.0478,44.3977],[25.0121,44.4113],[25.0072,44.404],[24.9782,44.3831],[24.9626,44.3796],[24.8856,44.3829],[24.8822,44.3944],[24.7892,44.3927],[24.7877,44.3984],[24.7561,44.3917],[24.7557,44.403],[24.7456,44.4233],[24.7561,44.4353],[24.7568,44.4652],[24.7356,44.4655],[24.7363,44.4921],[24.7289,44.4926],[24.733,44.5224],[24.7441,44.5383],[24.7311,44.5536],[24.73,44.5724],[24.7121,44.5827],[24.7103,44.6168],[24.7144,44.6198],[24.704,44.6434],[24.7066,44.6562],[24.6906,44.7027],[24.7121,44.7107],[24.7177,44.7182],[24.7043,44.7328],[24.685,44.7381],[24.6329,44.733],[24.6083,44.7541],[24.5927,44.7501],[24.5893,44.776],[24.5901,44.7978],[24.5785,44.7993],[24.5707,44.8194],[24.5581,44.8314],[24.5521,44.8595],[24.5443,44.8621],[24.5424,44.8914],[24.5257,44.8947],[24.5108,44.8663],[24.5116,44.8472],[24.5004,44.8457],[24.4948,44.8297],[24.4818,44.8224],[24.4494,44.8146],[24.423,44.8274],[24.4397,44.8457],[24.4647,44.8626],[24.4695,44.8814],[24.4814,44.8995],[24.465,44.9045],[24.4658,44.9148],[24.4866,44.9369],[24.5011,44.9456],[24.4807,44.964],[24.4825,44.976],[24.5086,45.0006],[24.4848,45.0139],[24.49,45.0229],[24.5197,45.0413],[24.5134,45.0553],[24.4829,45.0614],[24.4933,45.0769],[24.5086,45.0849],[24.4944,45.1108],[24.5142,45.1085],[24.5201,45.1377],[24.5015,45.1585],[24.5145,45.166],[24.5149,45.1891],[24.4892,45.1964],[24.4985,45.2082],[24.4743,45.2122],[24.4695,45.232],[24.4851,45.2574],[24.481,45.2687],[24.4933,45.278],[24.4825,45.3028],[24.4937,45.3149],[24.4848,45.3322],[24.4915,45.3583],[24.5026,45.3631],[24.4956,45.3791],[24.5071,45.3831],[24.4933,45.3987],[24.4848,45.417],[24.4807,45.4379],[24.487,45.4627],[24.5175,45.4665],[24.5264,45.476],[24.5294,45.4968],[24.5153,45.5112],[24.5216,45.525],[24.5421,45.536],[24.5354,45.5506],[24.5145,45.5721],[24.5145,45.5872],[24.5283,45.5804],[24.5551,45.588],[24.5674,45.5794],[24.5983,45.5965],[24.6455,45.6045],[24.6742,45.5952],[24.6865,45.6045],[24.7006,45.6028],[24.7177,45.6075],[24.7371,45.6035],[24.7739,45.6116],[24.7944,45.6025],[24.81,45.609],[24.8312,45.6068],[24.8379,45.5922],[24.8603,45.5945],[24.9183,45.5947],[24.9429,45.5824],[24.9596,45.593],[24.9827,45.5875],[25.0151,45.5862],[25.0389,45.5925],[25.0534,45.587],[25.0832,45.5819],[25.1047,45.5855],[25.1312,45.5656],[25.1472,45.5588],[25.1535,45.546],[25.1777,45.5358],[25.1907,45.523],[25.2048,45.5199],[25.213,45.5272],[25.2305,45.5177],[25.2435,45.4941],[25.2398,45.4758],[25.2599,45.4517],[25.2636,45.4379],[25.2577,45.4256],[25.2744,45.4077],[25.3027,45.4233],[25.3135,45.4],[25.3094,45.3899],[25.3232,45.3814]]]}},{"type":"Feature","properties":{"ID_0":187,"ISO":"ROU","NAME_0":"Romania","ID_1":4,"NAME_1":"Bacau","TYPE_1":"Judet","ENGTYPE_1":"County","NL_NAME_1":"","VARNAME_1":"Bacau"},"geometry":{"type":"Polygon","coordinates":[[[27.2077,46.7702],[27.2125,46.7612],[27.2386,46.7479],[27.2408,46.7356],[27.2903,46.7162],[27.3282,46.6982],[27.2944,46.6771],[27.3212,46.6537],[27.2947,46.6394],[27.278,46.6256],[27.2996,46.6068],[27.3297,46.5857],[27.3375,46.5656],[27.3692,46.5337],[27.3993,46.4722],[27.4127,46.4577],[27.4216,46.4313],[27.4343,46.413],[27.4507,46.4005],[27.4536,46.3791],[27.4603,46.3606],[27.4775,46.3309],[27.4756,46.3234],[27.4577,46.3214],[27.4685,46.3026],[27.4652,46.2965],[27.4849,46.2817],[27.4711,46.2682],[27.4804,46.221],[27.508,46.2197],[27.5102,46.1934],[27.502,46.1648],[27.4946,46.1595],[27.483,46.1665],[27.4607,46.1577],[27.4496,46.1843],[27.3952,46.1946],[27.3807,46.1901],[27.3822,46.1653],[27.3766,46.1582],[27.3517,46.1532],[27.3517,46.169],[27.3353,46.1688],[27.3245,46.1843],[27.3193,46.2029],[27.307,46.2057],[27.2642,46.2007],[27.2713,46.1833],[27.2408,46.1786],[27.2371,46.1896],[27.2233,46.1916],[27.2028,46.1798],[27.1798,46.1806],[27.1716,46.1698],[27.1325,46.1502],[27.131,46.1387],[27.1411,46.1316],[27.1232,46.102],[27.1079,46.1133],[27.1038,46.0895],[27.0875,46.0942],[27.0756,46.0877],[27.0335,46.0993],[26.9918,46.1133],[26.9554,46.1055],[26.9531,46.0862],[26.9431,46.0832],[26.9345,46.0651],[26.9003,46.0784],[26.8783,46.0822],[26.8493,46.0787],[26.8463,46.0716],[26.8244,46.0719],[26.8091,46.0661],[26.7872,46.089],[26.7205,46.089],[26.706,46.095],[26.6964,46.089],[26.6688,46.0897],[26.6413,46.0709],[26.6424,46.0659],[26.61,46.0453],[26.5877,46.0408],[26.5814,46.0217],[26.5743,46.0172],[26.5367,46.0287],[26.5174,46.0272],[26.4928,46.0455],[26.4582,46.0345],[26.4414,46.0393],[26.4303,46.0792],[26.3938,46.1013],[26.3745,46.108],[26.3693,46.1186],[26.386,46.1259],[26.3882,46.1439],[26.373,46.1462],[26.3447,46.1379],[26.3492,46.1623],[26.332,46.1838],[26.3425,46.2009],[26.3399,46.2155],[26.3283,46.2303],[26.3116,46.2391],[26.2807,46.2471],[26.2647,46.2471],[26.255,46.2672],[26.255,46.2775],[26.2718,46.2875],[26.2803,46.2996],[26.2851,46.3214],[26.2945,46.3344],[26.2725,46.3452],[26.2375,46.3355],[26.2278,46.3186],[26.2104,46.3121],[26.1787,46.3109],[26.1579,46.3154],[26.1508,46.3272],[26.1657,46.3478],[26.1664,46.3852],[26.1114,46.401],[26.0634,46.401],[26.0634,46.412],[26.0354,46.4175],[26.0217,46.4092],[25.999,46.4205],[26.0038,46.4273],[25.9893,46.4396],[26.0057,46.4446],[26.0183,46.4775],[26.0213,46.4928],[26.0611,46.4941],[26.076,46.4848],[26.0846,46.5127],[26.0756,46.526],[26.0514,46.5312],[26.0369,46.5443],[26.0347,46.5714],[26.0235,46.5887],[26.0005,46.6013],[25.9923,46.6163],[26.0094,46.6354],[26.0075,46.6608],[25.9796,46.6889],[25.9956,46.6992],[26.0142,46.6944],[26.0425,46.714],[26.0693,46.7125],[26.0775,46.6944],[26.0741,46.6811],[26.0831,46.6738],[26.0808,46.6585],[26.0976,46.6487],[26.1292,46.6595],[26.1489,46.6575],[26.1609,46.6419],[26.1798,46.6505],[26.2178,46.6567],[26.22,46.6803],[26.2338,46.6851],[26.2412,46.6954],[26.2673,46.7034],[26.2654,46.6929],[26.2859,46.6806],[26.3026,46.6537],[26.341,46.6605],[26.3473,46.6512],[26.3916,46.6507],[26.4106,46.6648],[26.4199,46.6823],[26.4772,46.6788],[26.4954,46.6818],[26.5081,46.6946],[26.5315,46.6926],[26.5482,46.6786],[26.5717,46.6788],[26.5899,46.6894],[26.6096,46.713],[26.6249,46.7205],[26.6461,46.7217],[26.6666,46.7366],[26.6777,46.7363],[26.6725,46.7556],[26.6774,46.7679],[26.7071,46.7674],[26.7351,46.7634],[26.7328,46.7494],[26.7563,46.7566],[26.7604,46.7371],[26.7879,46.7172],[26.8188,46.7328],[26.8244,46.7433],[26.8433,46.7516],[26.8233,46.7735],[26.8512,46.7802],[26.8512,46.8048],[26.8675,46.8068],[26.8843,46.8161],[26.8835,46.8279],[26.9111,46.8274],[26.9163,46.8109],[26.8973,46.796],[26.9126,46.794],[26.9155,46.783],[26.9356,46.7855],[26.9479,46.7704],[26.9483,46.7589],[26.9643,46.7541],[26.9807,46.7629],[27.0116,46.7694],[27.0406,46.7704],[27.0536,46.7602],[27.0666,46.7591],[27.0774,46.7669],[27.1042,46.7687],[27.1169,46.7489],[27.1314,46.7474],[27.1623,46.7345],[27.1649,46.7496],[27.1872,46.7499],[27.1902,46.7612],[27.2077,46.7702]]]}},{"type":"Feature","properties":{"ID_0":187,"ISO":"ROU","NAME_0":"Romania","ID_1":5,"NAME_1":"Bihor","TYPE_1":"Judet","ENGTYPE_1":"County","NL_NAME_1":"","VARNAME_1":""},"geometry":{"type":"Polygon","coordinates":[[[22.6144,47.335],[22.5794,47.3056],[22.5631,47.3076],[22.5527,47.3003],[22.5486,47.2815],[22.562,47.2649],[22.5642,47.2486],[22.5378,47.2366],[22.5184,47.2325],[22.5296,47.2202],[22.508,47.2097],[22.5132,47.1959],[22.4953,47.1859],[22.5121,47.1668],[22.5411,47.162],[22.5363,47.15],[22.5553,47.1419],[22.5586,47.1166],[22.5199,47.1096],[22.5471,47.0882],[22.5698,47.0829],[22.5947,47.0644],[22.6494,47.0576],[22.6688,47.0506],[22.6874,47.0518],[22.6929,47.0332],[22.7112,47.0109],[22.7305,47.0074],[22.6978,46.981],[22.6766,46.9712],[22.6773,46.9544],[22.6874,46.9391],[22.7197,46.9333],[22.7324,46.9193],[22.7499,46.9123],[22.7767,46.9108],[22.7804,46.8972],[22.7558,46.8764],[22.7447,46.8447],[22.7346,46.8342],[22.7287,46.8169],[22.7056,46.8058],[22.6587,46.8053],[22.639,46.7998],[22.7156,46.7632],[22.7194,46.7551],[22.7101,46.7391],[22.7413,46.7162],[22.7476,46.6951],[22.7726,46.6668],[22.7756,46.6515],[22.7953,46.6399],[22.8094,46.6108],[22.8098,46.5892],[22.8187,46.5847],[22.8135,46.5694],[22.7979,46.5671],[22.7789,46.5483],[22.7279,46.547],[22.6929,46.5192],[22.6784,46.5235],[22.6762,46.5071],[22.6814,46.4928],[22.674,46.4866],[22.6807,46.4685],[22.6941,46.4537],[22.69,46.4421],[22.7212,46.4313],[22.6781,46.4062],[22.6676,46.4045],[22.6505,46.3919],[22.6204,46.3909],[22.5895,46.3982],[22.575,46.3982],[22.5154,46.3867],[22.4544,46.3854],[22.4258,46.3939],[22.4131,46.4092],[22.4034,46.41],[22.3711,46.4278],[22.348,46.4537],[22.3402,46.4765],[22.3245,46.4835],[22.329,46.5019],[22.3163,46.5154],[22.2743,46.5011],[22.2583,46.5074],[22.1995,46.5142],[22.1772,46.5368],[22.1816,46.5415],[22.1664,46.5721],[22.1768,46.5978],[22.1679,46.6045],[22.1176,46.603],[22.1094,46.6158],[22.0905,46.6183],[22.0908,46.6331],[22.0808,46.6372],[22.0462,46.6374],[22.0302,46.6452],[22.0112,46.6377],[22.0023,46.6249],[21.9491,46.6206],[21.917,46.6259],[21.9122,46.6306],[21.8828,46.6314],[21.9115,46.661],[21.9081,46.6683],[21.8709,46.6813],[21.8638,46.6728],[21.8404,46.6688],[21.811,46.6562],[21.7849,46.6542],[21.7578,46.6635],[21.7273,46.6592],[21.699,46.6603],[21.6908,46.6653],[21.6603,46.6625],[21.6487,46.665],[21.6316,46.6495],[21.6123,46.6442],[21.578,46.6507],[21.5646,46.6384],[21.5628,46.6201],[21.5687,46.6005],[21.5479,46.6018],[21.5404,46.6299],[21.5133,46.6367],[21.4887,46.6469],[21.4735,46.6618],[21.4575,46.6673],[21.4441,46.6668],[21.4318,46.6803],[21.4359,46.6959],[21.4526,46.6889],[21.4712,46.6956],[21.4921,46.6861],[21.5092,46.6984],[21.5129,46.7122],[21.5308,46.721],[21.5282,46.7396],[21.5133,46.7453],[21.4861,46.7652],[21.5111,46.7835],[21.5237,46.8088],[21.5207,46.8362],[21.5397,46.8478],[21.5966,46.8608],[21.6048,46.8691],[21.6052,46.8854],[21.616,46.8869],[21.6089,46.9047],[21.6007,46.9095],[21.6004,46.9278],[21.6078,46.9328],[21.6398,46.9333],[21.6618,46.9562],[21.6748,46.9539],[21.6833,46.9672],[21.6696,46.9705],[21.6807,46.9984],[21.6796,47.0187],[21.6633,47.0207],[21.6502,47.0405],[21.6841,47.046],[21.7027,47.0686],[21.7176,47.0754],[21.715,47.0834],[21.7276,47.099],[21.7745,47.1093],[21.7924,47.1063],[21.795,47.1266],[21.8192,47.1731],[21.8404,47.1778],[21.8594,47.1874],[21.8597,47.2205],[21.8486,47.2243],[21.8534,47.2396],[21.8735,47.2637],[21.8899,47.2782],[21.8873,47.2895],[21.897,47.3151],[21.9249,47.3445],[21.9401,47.3734],[21.9632,47.3816],[21.9967,47.3814],[22.0134,47.3761],[22.0372,47.4138],[22.0369,47.4278],[22.0276,47.4426],[22.0086,47.4835],[22.0142,47.5016],[22.0257,47.5202],[22.0469,47.54],[22.0629,47.5292],[22.0726,47.538],[22.0562,47.5473],[22.0808,47.5626],[22.0923,47.5578],[22.1053,47.5719],[22.1307,47.5897],[22.1299,47.5985],[22.1727,47.592],[22.1824,47.6005],[22.2088,47.5968],[22.2151,47.5862],[22.2315,47.5827],[22.2378,47.5651],[22.2579,47.5671],[22.2631,47.5563],[22.2568,47.5405],[22.2873,47.5353],[22.2936,47.523],[22.2899,47.5069],[22.3279,47.4996],[22.342,47.4906],[22.3428,47.4559],[22.361,47.4288],[22.3844,47.4286],[22.409,47.4344],[22.4313,47.4228],[22.4611,47.4321],[22.4715,47.4228],[22.492,47.4256],[22.5329,47.4168],[22.537,47.3997],[22.5523,47.4017],[22.5675,47.3929],[22.5612,47.3806],[22.5858,47.3585],[22.6137,47.3405],[22.6144,47.335]]]}},{"type":"Feature","properties":{"ID_0":187,"ISO":"ROU","NAME_0":"Romania","ID_1":6,"NAME_1":"Bistrita-Nasaud","TYPE_1":"Judet","ENGTYPE_1":"County","NL_NAME_1":"","VARNAME_1":"Bistrita-nasaud"},"geometry":{"type":"Polygon","coordinates":[[[24.9626,47.597],[24.9909,47.5862],[25.0069,47.5701],[25.0463,47.5601],[25.0679,47.5307],[25.0951,47.5124],[25.0939,47.5021],[25.0668,47.4848],[25.0493,47.481],[25.0675,47.4507],[25.0891,47.4477],[25.0753,47.4376],[25.0541,47.4316],[25.0526,47.4183],[25.0258,47.4359],[25.0009,47.4205],[25.005,47.4133],[25.0374,47.3922],[25.0366,47.3852],[25.0705,47.3693],[25.0619,47.3538],[25.0787,47.341],[25.0742,47.3294],[25.0809,47.3149],[25.0482,47.3036],[25.0296,47.287],[25.0526,47.2709],[25.0813,47.2576],[25.0761,47.2463],[25.0485,47.2212],[25.0582,47.2034],[25.0623,47.1786],[25.069,47.166],[25.0601,47.1527],[25.0649,47.1367],[25.0445,47.1326],[25.0199,47.1126],[24.9965,47.1126],[24.9525,47.1188],[24.9414,47.1008],[24.9317,47.0957],[24.8993,47.109],[24.8714,47.1053],[24.8558,47.0962],[24.8372,47.0784],[24.7892,47.0438],[24.7694,47.0019],[24.7549,46.9961],[24.7419,46.9813],[24.7467,46.9723],[24.7427,46.9534],[24.724,46.9356],[24.7479,46.9168],[24.7304,46.9128],[24.7259,46.904],[24.6604,46.9103],[24.6452,46.9381],[24.6273,46.9539],[24.6146,46.9449],[24.596,46.9456],[24.5871,46.9293],[24.586,46.9155],[24.5346,46.9072],[24.5238,46.8985],[24.5268,46.8809],[24.5365,46.8746],[24.5268,46.8533],[24.5101,46.8508],[24.4825,46.8314],[24.4688,46.8287],[24.4602,46.8194],[24.452,46.7893],[24.4736,46.783],[24.4535,46.7662],[24.417,46.7742],[24.4025,46.7644],[24.4003,46.7519],[24.362,46.7471],[24.3393,46.7581],[24.3028,46.7536],[24.2258,46.7812],[24.2001,46.8001],[24.1811,46.8051],[24.1986,46.8201],[24.1904,46.8314],[24.2124,46.8397],[24.2079,46.8608],[24.2206,46.8744],[24.2165,46.9072],[24.1915,46.92],[24.1845,46.9286],[24.1621,46.9356],[24.1722,46.9584],[24.1201,46.9705],[24.1097,46.9856],[24.1078,47.0046],[24.1231,47.0209],[24.1056,47.0285],[24.1182,47.0418],[24.1204,47.0586],[24.1376,47.0829],[24.1212,47.0983],[24.1219,47.106],[24.0989,47.1274],[24.0896,47.1156],[24.0717,47.1186],[24.0657,47.1316],[24.0419,47.1329],[24.0274,47.1462],[24.03,47.1645],[24.0159,47.1778],[23.9984,47.1688],[23.9757,47.169],[23.9519,47.1788],[23.9377,47.2007],[23.921,47.2529],[23.9228,47.2735],[23.9362,47.2853],[23.9288,47.2973],[23.9403,47.3081],[23.9679,47.3124],[23.9898,47.3196],[24.0081,47.3116],[24.0285,47.3214],[24.0192,47.3447],[24.0244,47.3623],[24.0393,47.3744],[24.062,47.3781],[24.0736,47.408],[24.11,47.4256],[24.119,47.4479],[24.1298,47.4627],[24.1204,47.479],[24.1338,47.4943],[24.1431,47.4876],[24.1551,47.5031],[24.1837,47.5074],[24.2451,47.5021],[24.2537,47.5192],[24.2693,47.5177],[24.2779,47.5272],[24.2794,47.5415],[24.3035,47.5588],[24.3054,47.5794],[24.327,47.5674],[24.3478,47.5674],[24.3649,47.5789],[24.388,47.6085],[24.4386,47.5912],[24.458,47.5955],[24.4729,47.5885],[24.4933,47.5867],[24.5231,47.5777],[24.5588,47.5714],[24.5733,47.5626],[24.5838,47.5714],[24.6135,47.5701],[24.6336,47.5762],[24.6541,47.5674],[24.6541,47.5583],[24.692,47.5586],[24.7174,47.5727],[24.7724,47.5724],[24.7895,47.5767],[24.8089,47.5669],[24.8282,47.5965],[24.874,47.5942],[24.9008,47.603],[24.9183,47.5985],[24.9626,47.597]]]}},{"type":"Feature","properties":{"ID_0":187,"ISO":"ROU","NAME_0":"Romania","ID_1":7,"NAME_1":"Botosani","TYPE_1":"Judet","ENGTYPE_1":"County","NL_NAME_1":"","VARNAME_1":"Botosani"},"geometry":{"type":"Polygon","coordinates":[[[27.3926,47.5897],[27.3483,47.5754],[27.3301,47.5724],[27.3178,47.5769],[27.297,47.5674],[27.265,47.5714],[27.2501,47.5629],[27.2479,47.543],[27.2609,47.5295],[27.2051,47.5192],[27.1705,47.524],[27.1608,47.5353],[27.1463,47.5418],[27.1016,47.5481],[27.0931,47.5428],[27.077,47.5144],[27.0837,47.4647],[27.0663,47.4622],[27.051,47.4665],[27.051,47.4512],[27.0436,47.4384],[27.016,47.4728],[26.9922,47.4928],[26.9557,47.4971],[26.9289,47.4923],[26.8783,47.4921],[26.8456,47.4961],[26.8192,47.5081],[26.7957,47.5011],[26.7552,47.5031],[26.7235,47.5147],[26.7001,47.5097],[26.7057,47.4986],[26.7284,47.473],[26.7027,47.4718],[26.6398,47.4697],[26.6093,47.463],[26.5899,47.4672],[26.5907,47.4908],[26.5542,47.5094],[26.5672,47.5142],[26.6063,47.5207],[26.6056,47.533],[26.584,47.5393],[26.5702,47.5488],[26.5613,47.5734],[26.5434,47.5827],[26.5497,47.5915],[26.5494,47.6171],[26.5389,47.6186],[26.5378,47.649],[26.5114,47.652],[26.5088,47.6638],[26.4984,47.6721],[26.4608,47.714],[26.4478,47.7338],[26.4225,47.7476],[26.4027,47.7411],[26.3953,47.7471],[26.4042,47.7627],[26.4005,47.783],[26.3771,47.774],[26.3547,47.7853],[26.3492,47.7945],[26.3257,47.8083],[26.3183,47.8267],[26.3023,47.8357],[26.3049,47.8558],[26.284,47.8565],[26.2703,47.8696],[26.2747,47.8756],[26.2505,47.8862],[26.2301,47.9005],[26.2148,47.8892],[26.1862,47.8927],[26.1932,47.9082],[26.1713,47.9195],[26.1642,47.9286],[26.1493,47.9246],[26.1274,47.9331],[26.1303,47.9549],[26.1006,47.979],[26.1389,47.9843],[26.1895,47.9956],[26.2007,48.0081],[26.2096,48.0292],[26.2137,48.0511],[26.2684,48.0767],[26.277,48.0865],[26.2866,48.1136],[26.2997,48.1339],[26.3358,48.1598],[26.3294,48.1763],[26.3361,48.1844],[26.3592,48.1851],[26.3719,48.1919],[26.4024,48.1891],[26.4221,48.2017],[26.4485,48.2042],[26.4738,48.2205],[26.4839,48.2152],[26.504,48.2172],[26.5319,48.2102],[26.5717,48.2197],[26.5728,48.2386],[26.5914,48.2461],[26.5996,48.2386],[26.6227,48.2413],[26.632,48.2604],[26.6856,48.2499],[26.6971,48.2629],[26.7228,48.2466],[26.7421,48.2453],[26.7901,48.2504],[26.808,48.2546],[26.8281,48.2443],[26.8355,48.2263],[26.8534,48.2343],[26.8623,48.2182],[26.8899,48.2012],[26.8951,48.1889],[26.9114,48.1801],[26.9226,48.1823],[26.9152,48.1987],[26.9438,48.1967],[26.9516,48.1876],[26.9349,48.1713],[26.9475,48.1605],[26.971,48.162],[26.9933,48.15],[26.9781,48.1444],[26.9606,48.1522],[26.9561,48.1374],[26.9695,48.1296],[27.0067,48.1234],[27.0183,48.1369],[27.0413,48.1284],[27.0354,48.1156],[27.0421,48.107],[27.0294,48.0875],[27.0428,48.0824],[27.0477,48.0689],[27.077,48.0546],[27.0837,48.038],[27.1102,48.029],[27.0938,48.022],[27.1005,48.0059],[27.1169,48.0152],[27.1321,48.0117],[27.1184,48.0004],[27.1366,47.9916],[27.1678,47.9951],[27.1548,47.9718],[27.1429,47.9672],[27.1798,47.9472],[27.1526,47.9216],[27.2017,47.902],[27.2106,47.8495],[27.2475,47.8297],[27.2162,47.8211],[27.2505,47.7948],[27.2557,47.7787],[27.2668,47.7812],[27.2687,47.7604],[27.2817,47.7644],[27.2877,47.7448],[27.2821,47.7361],[27.2516,47.7197],[27.2676,47.713],[27.2769,47.6876],[27.2981,47.6801],[27.316,47.6439],[27.3334,47.6289],[27.3602,47.6211],[27.3748,47.5973],[27.3926,47.5897]]]}},{"type":"Feature","properties":{"ID_0":187,"ISO":"ROU","NAME_0":"Romania","ID_1":8,"NAME_1":"Brasov","TYPE_1":"Judet","ENGTYPE_1":"County","NL_NAME_1":"","VARNAME_1":"Brasov"},"geometry":{"type":"Polygon","coordinates":[[[25.4527,46.1043],[25.4568,46.0699],[25.4836,46.0598],[25.5063,46.0455],[25.5286,46.0516],[25.5524,46.0528],[25.561,46.0388],[25.5829,46.0262],[25.5714,46.0031],[25.5606,46.0014],[25.5424,45.9835],[25.5405,45.966],[25.5513,45.9502],[25.5413,45.9366],[25.5647,45.915],[25.5502,45.907],[25.5547,45.8904],[25.571,45.8964],[25.6071,45.8914],[25.6008,45.8819],[25.5848,45.8831],[25.5595,45.8781],[25.5658,45.8606],[25.5692,45.8367],[25.5874,45.8279],[25.6082,45.8314],[25.6242,45.8146],[25.6451,45.8091],[25.6402,45.8021],[25.6693,45.787],[25.6775,45.775],[25.6734,45.7461],[25.7117,45.7702],[25.7452,45.7702],[25.7679,45.7574],[25.8282,45.7436],[25.8233,45.726],[25.8557,45.7227],[25.8598,45.7102],[25.9149,45.7102],[25.9435,45.6916],[25.9729,45.6881],[25.9655,45.6474],[26.0012,45.6462],[26.0224,45.6372],[26.0146,45.6208],[26.0533,45.6186],[26.063,45.6043],[26.0563,45.594],[26.0734,45.5782],[26.0946,45.5729],[26.0968,45.5568],[26.105,45.5501],[26.0961,45.5358],[26.0924,45.5172],[26.0738,45.5066],[26.0671,45.4856],[26.0421,45.4788],[26.0235,45.4893],[25.9971,45.5139],[25.9629,45.5109],[25.935,45.5144],[25.9234,45.5224],[25.9085,45.5009],[25.8922,45.4878],[25.8963,45.473],[25.8888,45.4665],[25.8888,45.4459],[25.878,45.4424],[25.8579,45.4271],[25.8304,45.4298],[25.8285,45.4421],[25.8111,45.4682],[25.7898,45.481],[25.7735,45.4745],[25.7675,45.4657],[25.7452,45.4682],[25.7277,45.4657],[25.7042,45.481],[25.7009,45.4913],[25.6827,45.5009],[25.6696,45.4961],[25.6309,45.4903],[25.609,45.477],[25.6041,45.4637],[25.5907,45.4615],[25.5788,45.468],[25.552,45.4652],[25.5331,45.4594],[25.5152,45.47],[25.4996,45.4677],[25.4866,45.4559],[25.4624,45.4542],[25.4531,45.4411],[25.4255,45.4361],[25.4118,45.4268],[25.4103,45.3912],[25.4036,45.3869],[25.3634,45.3919],[25.3232,45.3814],[25.3094,45.3899],[25.3135,45.4],[25.3027,45.4233],[25.2744,45.4077],[25.2577,45.4256],[25.2636,45.4379],[25.2599,45.4517],[25.2398,45.4758],[25.2435,45.4941],[25.2305,45.5177],[25.213,45.5272],[25.2048,45.5199],[25.1907,45.523],[25.1777,45.5358],[25.1535,45.546],[25.1472,45.5588],[25.1312,45.5656],[25.1047,45.5855],[25.0832,45.5819],[25.0534,45.587],[25.0389,45.5925],[25.0151,45.5862],[24.9827,45.5875],[24.9596,45.593],[24.9429,45.5824],[24.9183,45.5947],[24.8603,45.5945],[24.8379,45.5922],[24.8312,45.6068],[24.81,45.609],[24.7944,45.6025],[24.7739,45.6116],[24.7371,45.6035],[24.7177,45.6075],[24.7006,45.6028],[24.6865,45.6045],[24.6764,45.6163],[24.6712,45.6407],[24.6798,45.6469],[24.679,45.6638],[24.6846,45.671],[24.6786,45.6926],[24.6824,45.712],[24.6738,45.7205],[24.6604,45.7484],[24.6478,45.7649],[24.6407,45.7953],[24.6586,45.8149],[24.6857,45.8249],[24.6913,45.8349],[24.711,45.8169],[24.736,45.8365],[24.7561,45.8425],[24.7702,45.8392],[24.7769,45.8505],[24.7732,45.8686],[24.7564,45.8713],[24.7274,45.8919],[24.7166,45.8959],[24.7051,45.9406],[24.7226,45.9461],[24.7367,45.9389],[24.7527,45.9421],[24.7728,45.9622],[24.7702,45.9758],[24.7933,45.9733],[24.8372,45.978],[24.8402,45.9871],[24.8212,46.0059],[24.8669,46.0099],[24.877,46.0302],[24.899,46.0418],[24.909,46.0383],[24.9466,46.0516],[24.9637,46.0661],[24.9481,46.0794],[24.9477,46.0937],[24.9596,46.1123],[24.9797,46.1259],[25.0214,46.1422],[25.0526,46.1339],[25.0806,46.1497],[25.1033,46.1505],[25.1297,46.1467],[25.1747,46.1675],[25.1903,46.1718],[25.2268,46.1512],[25.2514,46.1417],[25.2752,46.1703],[25.2994,46.1776],[25.3217,46.1738],[25.3291,46.1781],[25.347,46.1663],[25.366,46.1422],[25.3965,46.1301],[25.4065,46.1329],[25.4266,46.1229],[25.456,46.1203],[25.4527,46.1043]]]}},{"type":"Feature","properties":{"ID_0":187,"ISO":"ROU","NAME_0":"Romania","ID_1":9,"NAME_1":"Braila","TYPE_1":"Judet","ENGTYPE_1":"County","NL_NAME_1":"","VARNAME_1":"Braila"},"geometry":{"type":"Polygon","coordinates":[[[28.0319,45.4045],[28.0286,45.3957],[28.0282,45.3661],[28.0014,45.3091],[27.9962,45.287],[28.0193,45.2699],[28.0476,45.2581],[28.0863,45.2499],[28.1175,45.2581],[28.1313,45.2325],[28.093,45.1906],[28.1425,45.1688],[28.1734,45.1485],[28.1979,45.1402],[28.1953,45.1346],[28.1707,45.1208],[28.1801,45.1085],[28.1737,45.1008],[28.1365,45.099],[28.1402,45.0646],[28.154,45.0383],[28.1332,45.0245],[28.1298,45.0139],[28.144,44.9798],[28.1521,44.9705],[28.1309,44.9404],[28.1265,44.9225],[28.1291,44.9045],[28.144,44.8904],[28.1384,44.8824],[28.1101,44.8701],[28.0997,44.8578],[28.0989,44.847],[28.0755,44.8144],[28.0755,44.8041],[28.0677,44.7857],[28.0468,44.7735],[28.0379,44.7612],[28.0264,44.7642],[28.0029,44.7586],[27.9746,44.7727],[27.9493,44.7807],[27.8987,44.7727],[27.8827,44.7634],[27.8708,44.7757],[27.8355,44.7785],[27.8221,44.7975],[27.828,44.8204],[27.7875,44.8201],[27.7752,44.8031],[27.7432,44.8071],[27.7298,44.8021],[27.745,44.7888],[27.7458,44.7795],[27.7242,44.7782],[27.722,44.7672],[27.6505,44.7704],[27.6505,44.776],[27.5928,44.7782],[27.5932,44.7837],[27.5407,44.7837],[27.5284,44.7742],[27.5046,44.7747],[27.4857,44.7807],[27.4797,44.7755],[27.438,44.7991],[27.4094,44.7732],[27.3934,44.7835],[27.3837,44.7747],[27.3669,44.7898],[27.3424,44.8026],[27.3111,44.775],[27.2895,44.7855],[27.259,44.7501],[27.2285,44.7707],[27.2252,44.783],[27.2051,44.7875],[27.233,44.8595],[27.2144,44.8641],[27.2173,44.8716],[27.2363,44.8693],[27.2464,44.8974],[27.268,44.9484],[27.2832,44.9978],[27.2508,44.9951],[27.2546,45.0212],[27.2493,45.0275],[27.1991,45.0282],[27.208,45.1013],[27.1969,45.1],[27.1894,45.088],[27.1686,45.11],[27.1533,45.1572],[27.1515,45.1708],[27.1135,45.1567],[27.1161,45.1377],[27.0979,45.1301],[27.0923,45.1394],[27.0681,45.159],[27.0852,45.1801],[27.1165,45.2024],[27.1251,45.214],[27.1768,45.2496],[27.2121,45.224],[27.2412,45.2102],[27.2449,45.2205],[27.2851,45.2004],[27.294,45.2137],[27.3368,45.2112],[27.3532,45.2318],[27.3294,45.2391],[27.3413,45.2529],[27.3208,45.2619],[27.3368,45.2845],[27.3695,45.2727],[27.3733,45.282],[27.3885,45.29],[27.3904,45.3126],[27.3822,45.3302],[27.4082,45.3405],[27.4012,45.358],[27.4432,45.3759],[27.4354,45.3947],[27.4306,45.406],[27.4414,45.4148],[27.4819,45.4366],[27.5601,45.4886],[27.5817,45.4911],[27.6014,45.4843],[27.6256,45.4665],[27.6286,45.4557],[27.6475,45.4625],[27.646,45.4783],[27.662,45.4727],[27.6885,45.4825],[27.6937,45.472],[27.6747,45.4464],[27.7067,45.4359],[27.7447,45.4474],[27.7525,45.4175],[27.7837,45.4225],[27.7867,45.4075],[27.8098,45.4037],[27.8168,45.3947],[27.8422,45.4002],[27.8641,45.3969],[27.8857,45.4208],[27.9158,45.4085],[27.9571,45.4032],[27.9877,45.3909],[28.0319,45.4045]]]}},{"type":"Feature","properties":{"ID_0":187,"ISO":"ROU","NAME_0":"Romania","ID_1":10,"NAME_1":"Bucuresti","TYPE_1":"Municipiu","ENGTYPE_1":"Municipality","NL_NAME_1":"","VARNAME_1":"Bucuresti"},"geometry":{"type":"Polygon","coordinates":[[[26.0276,44.3922],[26.012,44.4072],[26.0049,44.4032],[25.9971,44.4055],[25.9945,44.4092],[25.99,44.4087],[25.9767,44.4075],[25.9659,44.4328],[25.9644,44.4336],[25.9655,44.4366],[25.9629,44.4371],[25.9625,44.4394],[25.9636,44.4391],[25.964,44.4391],[25.9647,44.4391],[25.9662,44.4389],[25.967,44.4389],[25.9662,44.4426],[26.0127,44.4446],[26.0142,44.4537],[26.0142,44.4564],[26.0127,44.4587],[26.0023,44.4617],[26.0001,44.4617],[25.9997,44.4622],[25.9923,44.4645],[25.9886,44.466],[25.9796,44.467],[25.9767,44.4675],[25.9845,44.4951],[25.9841,44.4976],[25.9878,44.4999],[25.9889,44.5004],[25.9938,44.4966],[26.0005,44.5016],[26.0031,44.5014],[26.0116,44.5174],[26.0135,44.5164],[26.0347,44.5247],[26.0462,44.5305],[26.0682,44.5352],[26.0734,44.5425],[26.0801,44.5383],[26.105,44.5403],[26.1035,44.53],[26.1039,44.5202],[26.1054,44.5199],[26.1058,44.5162],[26.1047,44.5021],[26.1158,44.4881],[26.1865,44.4798],[26.1824,44.4795],[26.1772,44.4765],[26.1746,44.4743],[26.1716,44.4717],[26.1609,44.4612],[26.1583,44.4587],[26.1672,44.4524],[26.169,44.4519],[26.1702,44.4527],[26.1709,44.4529],[26.1716,44.4529],[26.1731,44.4532],[26.1746,44.4542],[26.1761,44.4544],[26.1776,44.4517],[26.1769,44.4499],[26.175,44.4446],[26.1862,44.4449],[26.1899,44.4456],[26.2037,44.4446],[26.2063,44.4449],[26.2241,44.4411],[26.2267,44.4411],[26.2342,44.4374],[26.2174,44.418],[26.2182,44.4095],[26.2174,44.4077],[26.2085,44.4065],[26.2074,44.4042],[26.2077,44.4035],[26.2022,44.3957],[26.1795,44.3949],[26.1616,44.3995],[26.1475,44.3781],[26.1449,44.3733],[26.1601,44.3467],[26.1635,44.348],[26.1556,44.34],[26.1549,44.3359],[26.1482,44.3365],[26.1404,44.3372],[26.1296,44.3558],[26.1129,44.3666],[26.0935,44.3678],[26.0913,44.3696],[26.0451,44.3796],[26.0276,44.3922]]]}},{"type":"Feature","properties":{"ID_0":187,"ISO":"ROU","NAME_0":"Romania","ID_1":11,"NAME_1":"Buzau","TYPE_1":"Judet","ENGTYPE_1":"County","NL_NAME_1":"","VARNAME_1":"Buzau"},"geometry":{"type":"Polygon","coordinates":[[[27.4354,45.3947],[27.4432,45.3759],[27.4012,45.358],[27.4082,45.3405],[27.3822,45.3302],[27.3904,45.3126],[27.3885,45.29],[27.3733,45.282],[27.3695,45.2727],[27.3368,45.2845],[27.3208,45.2619],[27.3413,45.2529],[27.3294,45.2391],[27.3532,45.2318],[27.3368,45.2112],[27.294,45.2137],[27.2851,45.2004],[27.2449,45.2205],[27.2412,45.2102],[27.2121,45.224],[27.1768,45.2496],[27.1251,45.214],[27.1165,45.2024],[27.0852,45.1801],[27.0681,45.159],[27.0923,45.1394],[27.0979,45.1301],[27.1161,45.1377],[27.1135,45.1567],[27.1515,45.1708],[27.1533,45.1572],[27.1686,45.11],[27.1894,45.088],[27.1969,45.1],[27.208,45.1013],[27.1991,45.0282],[27.2493,45.0275],[27.2546,45.0212],[27.2508,44.9951],[27.2832,44.9978],[27.268,44.9484],[27.2464,44.8974],[27.2363,44.8693],[27.2173,44.8716],[27.2144,44.8641],[27.233,44.8595],[27.2051,44.7875],[27.1571,44.789],[27.1548,44.7649],[27.1716,44.7571],[27.1954,44.7526],[27.1853,44.7345],[27.1407,44.7453],[27.1355,44.7358],[27.0994,44.7451],[27.1124,44.7822],[27.0584,44.7978],[27.0093,44.8247],[26.9747,44.7885],[26.9118,44.8078],[26.8802,44.8206],[26.8672,44.8063],[26.8478,44.8154],[26.8318,44.798],[26.8117,44.7955],[26.7779,44.8154],[26.7202,44.8093],[26.7153,44.8196],[26.6789,44.8096],[26.6476,44.8219],[26.6323,44.8139],[26.6193,44.8405],[26.607,44.8573],[26.61,44.8723],[26.5948,44.8864],[26.5866,44.8826],[26.5624,44.909],[26.5378,44.9168],[26.5345,44.9399],[26.6015,44.9562],[26.5791,44.9715],[26.5568,44.9999],[26.536,45.0034],[26.5311,45.0152],[26.5118,45.0132],[26.4935,45.0056],[26.4787,45.0345],[26.4794,45.0478],[26.4645,45.0704],[26.4474,45.0737],[26.4571,45.0922],[26.4515,45.1266],[26.4712,45.1429],[26.4634,45.1587],[26.4619,45.1984],[26.4232,45.1756],[26.3986,45.1788],[26.3782,45.1587],[26.3544,45.1648],[26.3529,45.1869],[26.3473,45.1961],[26.3585,45.2135],[26.335,45.218],[26.3086,45.2087],[26.2691,45.2064],[26.2517,45.213],[26.2275,45.2446],[26.2327,45.2516],[26.2286,45.2672],[26.2193,45.2777],[26.2055,45.2742],[26.1869,45.279],[26.2353,45.3146],[26.2241,45.3264],[26.213,45.3269],[26.1932,45.347],[26.1876,45.3575],[26.1687,45.3638],[26.1553,45.3771],[26.1664,45.4017],[26.1463,45.4087],[26.1519,45.4504],[26.1404,45.4657],[26.1188,45.477],[26.0939,45.4843],[26.0879,45.4958],[26.0738,45.5066],[26.0924,45.5172],[26.0995,45.5287],[26.1233,45.5496],[26.1393,45.5679],[26.1449,45.5807],[26.1568,45.5852],[26.1642,45.5696],[26.1761,45.5799],[26.1876,45.6083],[26.2148,45.6218],[26.2476,45.6266],[26.2565,45.6181],[26.2546,45.6008],[26.2773,45.5917],[26.2967,45.598],[26.3279,45.6249],[26.3309,45.6389],[26.3257,45.6495],[26.3354,45.6776],[26.3339,45.6864],[26.3432,45.7004],[26.3585,45.7107],[26.3715,45.734],[26.386,45.7366],[26.3823,45.7494],[26.3908,45.7649],[26.3853,45.7792],[26.3934,45.8028],[26.4113,45.7903],[26.428,45.789],[26.4429,45.7757],[26.4444,45.7509],[26.4377,45.7398],[26.4437,45.7313],[26.4682,45.7197],[26.4686,45.7049],[26.4846,45.7014],[26.4943,45.6771],[26.5095,45.6673],[26.5315,45.6414],[26.5427,45.6419],[26.5624,45.6281],[26.5803,45.6367],[26.5914,45.6341],[26.5951,45.6206],[26.6163,45.6281],[26.6495,45.6093],[26.6677,45.6118],[26.6863,45.602],[26.7217,45.5714],[26.738,45.5711],[26.7485,45.5629],[26.7496,45.5491],[26.7682,45.5516],[26.8069,45.5481],[26.8262,45.5232],[26.834,45.5187],[26.8545,45.5255],[26.8869,45.5167],[26.9014,45.5235],[26.9021,45.535],[26.9297,45.535],[26.9568,45.5292],[26.9732,45.535],[27.003,45.4913],[27.0499,45.4519],[27.0916,45.4461],[27.1109,45.4753],[27.1377,45.466],[27.16,45.4655],[27.1444,45.4517],[27.1221,45.4479],[27.1061,45.4263],[27.121,45.4215],[27.1161,45.4095],[27.1448,45.4108],[27.1492,45.4165],[27.1764,45.4286],[27.1958,45.4537],[27.2058,45.4532],[27.2252,45.4278],[27.2382,45.4326],[27.2583,45.4494],[27.281,45.4547],[27.2817,45.4278],[27.2657,45.4213],[27.2717,45.3904],[27.3413,45.3839],[27.3383,45.3716],[27.38,45.3751],[27.3952,45.3834],[27.4023,45.3771],[27.4354,45.3947]]]}},{"type":"Feature","properties":{"ID_0":187,"ISO":"ROU","NAME_0":"Romania","ID_1":12,"NAME_1":"Calarasi","TYPE_1":"Judet","ENGTYPE_1":"County","NL_NAME_1":"","VARNAME_1":"Calarasi"},"geometry":{"type":"Polygon","coordinates":[[[28.02,44.3402],[28.0133,44.3224],[27.9999,44.3048],[27.9784,44.2865],[27.975,44.2795],[27.9493,44.2571],[27.9356,44.2501],[27.9084,44.2481],[27.879,44.2519],[27.8649,44.2456],[27.8157,44.2458],[27.7778,44.2298],[27.735,44.2017],[27.7086,44.1964],[27.6866,44.2014],[27.6312,44.2062],[27.5627,44.1884],[27.5471,44.1766],[27.5292,44.171],[27.5043,44.158],[27.4611,44.1269],[27.4354,44.1239],[27.3908,44.1329],[27.3547,44.1294],[27.3271,44.1404],[27.2988,44.1379],[27.2728,44.1266],[27.2348,44.1168],[27.1868,44.1208],[27.147,44.1387],[27.1251,44.1404],[27.0916,44.1334],[27.0625,44.1359],[27.0436,44.1449],[27.0238,44.1424],[26.9959,44.1341],[26.9635,44.1364],[26.8999,44.1316],[26.8765,44.1213],[26.8422,44.1118],[26.7793,44.0827],[26.7645,44.0782],[26.7254,44.0729],[26.6919,44.0747],[26.6644,44.0651],[26.6163,44.0566],[26.5944,44.0503],[26.5721,44.0543],[26.5393,44.0546],[26.4362,44.0335],[26.3815,44.0433],[26.3599,44.1083],[26.3815,44.1198],[26.4184,44.1254],[26.4299,44.1457],[26.4284,44.1575],[26.415,44.1763],[26.4016,44.1841],[26.402,44.2243],[26.3626,44.2235],[26.3614,44.2423],[26.3425,44.2423],[26.3201,44.2586],[26.3052,44.2561],[26.2844,44.2772],[26.2613,44.295],[26.2558,44.2983],[26.2758,44.3166],[26.2539,44.3304],[26.2825,44.349],[26.3071,44.3513],[26.3172,44.3716],[26.3142,44.3907],[26.3,44.3904],[26.2881,44.4055],[26.2941,44.417],[26.3116,44.4017],[26.3246,44.3964],[26.3454,44.403],[26.357,44.4128],[26.3923,44.4298],[26.4072,44.4278],[26.4641,44.4534],[26.453,44.4625],[26.428,44.4567],[26.396,44.4574],[26.3618,44.4861],[26.4176,44.5214],[26.4299,44.5214],[26.4593,44.541],[26.4374,44.5493],[26.4574,44.5669],[26.4794,44.5731],[26.5092,44.5558],[26.5237,44.5586],[26.5642,44.5267],[26.6007,44.5232],[26.626,44.5418],[26.6376,44.5418],[26.6662,44.5957],[26.6852,44.5912],[26.6774,44.5747],[26.6841,44.5654],[26.7057,44.5593],[26.7272,44.5591],[26.7243,44.538],[26.7559,44.5287],[26.7619,44.5503],[26.7883,44.542],[26.7808,44.5212],[26.7979,44.5114],[26.8128,44.5217],[26.8251,44.5119],[26.8314,44.528],[26.8772,44.5179],[26.8943,44.5164],[26.974,44.5295],[27.0049,44.5292],[27.0052,44.5089],[27.0931,44.5091],[27.0931,44.4853],[27.137,44.4833],[27.1411,44.5014],[27.1898,44.4921],[27.2077,44.484],[27.2121,44.5014],[27.2073,44.5159],[27.227,44.5137],[27.2296,44.4938],[27.2646,44.4893],[27.2694,44.5066],[27.2918,44.5041],[27.2892,44.4901],[27.3472,44.4863],[27.3539,44.5174],[27.3718,44.5164],[27.3714,44.5064],[27.3915,44.5061],[27.39,44.4963],[27.5039,44.4938],[27.5199,44.4973],[27.5266,44.544],[27.5471,44.5423],[27.5478,44.5624],[27.5735,44.5593],[27.5716,44.468],[27.6155,44.468],[27.6405,44.471],[27.6509,44.465],[27.6501,44.4512],[27.6606,44.4416],[27.6557,44.4213],[27.7327,44.4195],[27.735,44.4065],[27.7521,44.3977],[27.7714,44.3949],[27.7473,44.3821],[27.7577,44.3661],[27.7499,44.3621],[27.7733,44.3445],[27.7908,44.3553],[27.8012,44.3387],[27.815,44.3344],[27.8358,44.3472],[27.8455,44.3706],[27.8567,44.3804],[28.02,44.3402]]]}},{"type":"Feature","properties":{"ID_0":187,"ISO":"ROU","NAME_0":"Romania","ID_1":13,"NAME_1":"Caras-Severin","TYPE_1":"Judet","ENGTYPE_1":"County","NL_NAME_1":"","VARNAME_1":"Caras-severin"},"geometry":{"type":"Polygon","coordinates":[[[22.6836,45.2506],[22.6665,45.2363],[22.6505,45.234],[22.6516,45.2248],[22.6282,45.2092],[22.6018,45.2054],[22.5783,45.1831],[22.562,45.1565],[22.5824,45.1384],[22.6066,45.1382],[22.6416,45.1281],[22.6509,45.1281],[22.658,45.108],[22.639,45.0952],[22.6211,45.0752],[22.5884,45.0448],[22.5653,45.0347],[22.5605,45.0229],[22.5311,44.9973],[22.5058,44.985],[22.4931,44.974],[22.5125,44.9665],[22.5158,44.9539],[22.4939,44.9461],[22.4872,44.9326],[22.4961,44.9225],[22.4957,44.9102],[22.4838,44.9072],[22.4905,44.8944],[22.4879,44.8824],[22.4723,44.8691],[22.4715,44.8603],[22.4585,44.8503],[22.4481,44.8226],[22.4254,44.8011],[22.4265,44.7797],[22.4191,44.7709],[22.4198,44.7564],[22.3897,44.7576],[22.3844,44.7453],[22.3647,44.7453],[22.3554,44.7511],[22.3431,44.7745],[22.3331,44.7782],[22.3126,44.7755],[22.2989,44.7805],[22.2646,44.785],[22.2453,44.8076],[22.2166,44.8174],[22.2006,44.7908],[22.198,44.7722],[22.2058,44.7617],[22.1865,44.7413],[22.1686,44.7416],[22.1589,44.7305],[22.1407,44.6607],[22.1481,44.6537],[22.1731,44.649],[22.179,44.6256],[22.1679,44.6168],[22.1493,44.5875],[22.1362,44.6],[22.1191,44.5922],[22.1076,44.5993],[22.0927,44.6193],[22.0786,44.6221],[22.0626,44.61],[22.0313,44.6063],[22.0175,44.5995],[22.0071,44.6073],[22.0004,44.6289],[21.9911,44.6341],[21.9524,44.6354],[21.9219,44.6472],[21.8899,44.6459],[21.8437,44.6547],[21.8114,44.6522],[21.798,44.6633],[21.7727,44.6615],[21.7302,44.654],[21.6982,44.664],[21.6774,44.6653],[21.6428,44.6597],[21.6242,44.6668],[21.613,44.6866],[21.6167,44.7137],[21.6108,44.732],[21.5929,44.7559],[21.5658,44.7674],[21.5326,44.7732],[21.5058,44.7714],[21.4616,44.7772],[21.4262,44.7737],[21.3938,44.7832],[21.3868,44.8053],[21.3782,44.8156],[21.36,44.8221],[21.3659,44.8297],[21.3555,44.8387],[21.3685,44.8648],[21.4136,44.8693],[21.4426,44.8701],[21.456,44.8739],[21.4679,44.8683],[21.4865,44.8688],[21.5122,44.8804],[21.5617,44.8894],[21.5598,44.907],[21.5483,44.9308],[21.5215,44.9384],[21.4709,44.9587],[21.4396,44.961],[21.4083,44.9788],[21.4162,44.9871],[21.3901,44.9984],[21.3618,45.0207],[21.4065,45.035],[21.4578,45.0408],[21.4485,45.0561],[21.4616,45.0726],[21.485,45.0917],[21.4716,45.1043],[21.4802,45.1216],[21.4973,45.1249],[21.5289,45.1382],[21.5304,45.1477],[21.5181,45.1693],[21.4947,45.1738],[21.479,45.1939],[21.501,45.1964],[21.5185,45.2255],[21.5282,45.232],[21.523,45.2451],[21.5319,45.2489],[21.5364,45.2647],[21.5576,45.2727],[21.5665,45.2865],[21.562,45.3166],[21.5334,45.3159],[21.5274,45.3314],[21.4954,45.3432],[21.4731,45.3365],[21.4541,45.3525],[21.4656,45.3588],[21.4519,45.3693],[21.4515,45.3867],[21.4422,45.4075],[21.4627,45.4153],[21.4902,45.4193],[21.4865,45.4351],[21.4586,45.4436],[21.4563,45.4542],[21.4336,45.4554],[21.4351,45.4712],[21.4537,45.4685],[21.4913,45.4863],[21.5017,45.4881],[21.5129,45.4778],[21.53,45.4803],[21.5613,45.5006],[21.5821,45.5061],[21.5747,45.5227],[21.5792,45.5448],[21.5992,45.5571],[21.6015,45.5714],[21.6294,45.5684],[21.6495,45.5804],[21.6763,45.586],[21.6893,45.5787],[21.702,45.5639],[21.7258,45.5631],[21.7466,45.5523],[21.7492,45.545],[21.7894,45.5335],[21.8329,45.5292],[21.8408,45.5368],[21.8828,45.5368],[21.8936,45.546],[21.9085,45.54],[21.9319,45.54],[21.9386,45.534],[21.9472,45.5061],[21.9766,45.5129],[22.0086,45.5044],[22.0358,45.5019],[22.0536,45.5101],[22.0514,45.5192],[22.0629,45.5285],[22.0897,45.5305],[22.1094,45.5363],[22.099,45.5463],[22.0871,45.5475],[22.0741,45.5659],[22.0488,45.5501],[22.051,45.5744],[22.0384,45.5875],[22.0469,45.592],[22.0752,45.5721],[22.1087,45.5952],[22.1165,45.591],[22.1359,45.5945],[22.1638,45.6088],[22.1731,45.6043],[22.1891,45.6183],[22.2107,45.606],[22.2386,45.6053],[22.2561,45.587],[22.2706,45.5857],[22.2922,45.6053],[22.2933,45.6201],[22.3119,45.6547],[22.3227,45.6625],[22.3591,45.6675],[22.3908,45.6628],[22.3982,45.6688],[22.4209,45.664],[22.428,45.6693],[22.4555,45.6608],[22.4552,45.6474],[22.4779,45.6264],[22.4994,45.6158],[22.5139,45.5955],[22.546,45.5955],[22.5456,45.588],[22.5832,45.5839],[22.5973,45.5739],[22.594,45.5619],[22.6345,45.5714],[22.6431,45.5651],[22.6427,45.5533],[22.6591,45.5242],[22.6788,45.5162],[22.6777,45.4968],[22.6926,45.4906],[22.6937,45.476],[22.7056,45.4562],[22.7056,45.4336],[22.7145,45.416],[22.7004,45.3992],[22.6825,45.3862],[22.6699,45.3829],[22.6583,45.3716],[22.6702,45.3618],[22.6684,45.3525],[22.6926,45.3277],[22.6978,45.3031],[22.6788,45.283],[22.6903,45.275],[22.6836,45.2506]]]}},{"type":"Feature","properties":{"ID_0":187,"ISO":"ROU","NAME_0":"Romania","ID_1":14,"NAME_1":"Cluj","TYPE_1":"Judet","ENGTYPE_1":"County","NL_NAME_1":"","VARNAME_1":""},"geometry":{"type":"Polygon","coordinates":[[[24.0244,47.3623],[24.0192,47.3447],[24.0285,47.3214],[24.0081,47.3116],[23.9898,47.3196],[23.9679,47.3124],[23.9403,47.3081],[23.9288,47.2973],[23.9362,47.2853],[23.9228,47.2735],[23.921,47.2529],[23.9377,47.2007],[23.9519,47.1788],[23.9757,47.169],[23.9984,47.1688],[24.0159,47.1778],[24.03,47.1645],[24.0274,47.1462],[24.0419,47.1329],[24.0657,47.1316],[24.0717,47.1186],[24.0896,47.1156],[24.0989,47.1274],[24.1219,47.106],[24.1212,47.0983],[24.1376,47.0829],[24.1204,47.0586],[24.1182,47.0418],[24.1056,47.0285],[24.1231,47.0209],[24.1078,47.0046],[24.1097,46.9856],[24.1201,46.9705],[24.1722,46.9584],[24.1621,46.9356],[24.1845,46.9286],[24.1915,46.92],[24.2165,46.9072],[24.2206,46.8744],[24.2079,46.8608],[24.2124,46.8397],[24.1904,46.8314],[24.1986,46.8201],[24.1811,46.8051],[24.1897,46.7933],[24.1711,46.7825],[24.151,46.7802],[24.1171,46.7692],[24.1279,46.7468],[24.1167,46.7431],[24.0937,46.7506],[24.0762,46.7456],[24.0695,46.7348],[24.0907,46.7115],[24.126,46.7004],[24.1171,46.6896],[24.1041,46.662],[24.0955,46.6618],[24.0352,46.6452],[24.0334,46.6341],[24.0222,46.6284],[24.0278,46.6178],[24.0497,46.6098],[24.0657,46.6095],[24.068,46.5973],[24.0542,46.5752],[24.0542,46.5621],[24.039,46.5576],[24.0471,46.5453],[24.0285,46.5325],[24.0047,46.5415],[23.9869,46.5413],[23.9608,46.5147],[23.9753,46.482],[23.969,46.4735],[23.9816,46.4587],[24.0062,46.4424],[23.9869,46.4313],[23.9656,46.4369],[23.9485,46.4494],[23.9247,46.4497],[23.9113,46.4637],[23.8778,46.4537],[23.8566,46.4512],[23.8447,46.4637],[23.8157,46.4667],[23.7818,46.4587],[23.7673,46.4625],[23.7323,46.4519],[23.7033,46.4579],[23.6791,46.4499],[23.6702,46.4394],[23.6739,46.4298],[23.6527,46.4278],[23.6579,46.4168],[23.681,46.409],[23.6609,46.3995],[23.6356,46.4032],[23.6062,46.4148],[23.6043,46.4293],[23.5939,46.4364],[23.5905,46.4497],[23.6047,46.4697],[23.598,46.4873],[23.5756,46.4974],[23.5611,46.4886],[23.5455,46.5031],[23.5247,46.4863],[23.5172,46.4931],[23.4644,46.5046],[23.4562,46.5177],[23.4324,46.53],[23.4022,46.5307],[23.3933,46.54],[23.3449,46.5332],[23.3371,46.5242],[23.3148,46.5202],[23.2999,46.5094],[23.2843,46.5094],[23.2712,46.4981],[23.2508,46.4981],[23.2389,46.4911],[23.1976,46.4928],[23.1868,46.5099],[23.1455,46.5036],[23.1339,46.4923],[23.1094,46.4923],[23.0993,46.4715],[23.0878,46.467],[23.048,46.4702],[23.0573,46.4928],[23.0338,46.5024],[23.013,46.5039],[23.0022,46.5345],[23.0014,46.5488],[22.9609,46.5503],[22.9497,46.5556],[22.924,46.5536],[22.8969,46.539],[22.8798,46.5368],[22.8377,46.5468],[22.8135,46.5581],[22.8135,46.5694],[22.8187,46.5847],[22.8098,46.5892],[22.8094,46.6108],[22.7953,46.6399],[22.7756,46.6515],[22.7726,46.6668],[22.7476,46.6951],[22.7413,46.7162],[22.7101,46.7391],[22.7194,46.7551],[22.7156,46.7632],[22.639,46.7998],[22.6587,46.8053],[22.7056,46.8058],[22.7287,46.8169],[22.7346,46.8342],[22.7447,46.8447],[22.7558,46.8764],[22.7804,46.8972],[22.7767,46.9108],[22.7499,46.9123],[22.7324,46.9193],[22.7197,46.9333],[22.6874,46.9391],[22.6773,46.9544],[22.6766,46.9712],[22.6978,46.981],[22.7305,47.0074],[22.7357,47.0084],[22.7815,46.9896],[22.7964,46.9775],[22.8228,46.9833],[22.8329,46.9943],[22.8645,46.9823],[22.8932,46.9758],[22.9006,46.9697],[22.8984,46.9439],[22.9192,46.9338],[22.9397,46.9163],[22.9657,46.9145],[22.9892,46.903],[23.0059,46.9047],[23.0152,46.898],[23.0331,46.9017],[23.0494,46.8914],[23.0625,46.9017],[23.0811,46.8985],[23.0937,46.8907],[23.0852,46.8676],[23.096,46.8595],[23.1168,46.8568],[23.1347,46.859],[23.1615,46.8756],[23.1778,46.8796],[23.1935,46.8703],[23.202,46.8824],[23.2225,46.8934],[23.2124,46.9025],[23.2061,46.9243],[23.2281,46.9323],[23.2177,46.9396],[23.2392,46.9477],[23.2604,46.9346],[23.2578,46.918],[23.2779,46.902],[23.2921,46.898],[23.3107,46.9113],[23.3267,46.9145],[23.3408,46.909],[23.3565,46.9203],[23.3847,46.9497],[23.378,46.9665],[23.3866,46.9775],[23.4086,46.981],[23.4067,46.9906],[23.4342,46.9941],[23.4759,47.0169],[23.4748,47.0553],[23.4521,47.0639],[23.448,47.0769],[23.4335,47.0852],[23.4543,47.093],[23.4867,47.0912],[23.4848,47.1045],[23.4915,47.1176],[23.5035,47.1171],[23.4997,47.155],[23.5425,47.1598],[23.5552,47.1776],[23.5756,47.1806],[23.6036,47.1648],[23.6356,47.1828],[23.6285,47.1941],[23.6452,47.2223],[23.6635,47.2371],[23.6839,47.2376],[23.7163,47.2501],[23.7543,47.2423],[23.7636,47.2837],[23.8108,47.2514],[23.8146,47.2682],[23.8004,47.2817],[23.8373,47.3229],[23.8428,47.3402],[23.8387,47.3498],[23.8544,47.3683],[23.8748,47.3713],[23.8949,47.3568],[23.9243,47.3525],[23.9422,47.3598],[23.9709,47.3658],[24.0244,47.3623]]]}},{"type":"Feature","properties":{"ID_0":187,"ISO":"ROU","NAME_0":"Romania","ID_1":15,"NAME_1":"Constanta","TYPE_1":"Judet","ENGTYPE_1":"County","NL_NAME_1":"","VARNAME_1":"Constanta"},"geometry":{"type":"Polygon","coordinates":[[[28.9943,44.6806],[28.9708,44.6582],[28.9318,44.6141],[28.9094,44.5794],[28.8752,44.5327],[28.8503,44.5026],[28.8231,44.4768],[28.8,44.4592],[28.761,44.4253],[28.7107,44.3759],[28.6847,44.3367],[28.64,44.3282],[28.6311,44.3121],[28.6214,44.2802],[28.6255,44.2383],[28.6348,44.222],[28.6456,44.2195],[28.6586,44.1994],[28.6553,44.1864],[28.6653,44.1708],[28.6541,44.1527],[28.6672,44.1447],[28.6575,44.1296],[28.6448,44.1266],[28.6426,44.097],[28.659,44.1003],[28.6713,44.0892],[28.6441,44.0837],[28.6389,44.0764],[28.6456,44.046],[28.6653,44.0084],[28.6679,43.9868],[28.656,43.9755],[28.6553,43.9662],[28.6411,43.9552],[28.6367,43.9233],[28.6136,43.8977],[28.6065,43.8771],[28.6095,43.8513],[28.5939,43.8425],[28.5942,43.8299],[28.5797,43.8011],[28.5801,43.7687],[28.5741,43.7556],[28.5797,43.7403],[28.5034,43.7386],[28.4699,43.7355],[28.4372,43.736],[28.3803,43.7468],[28.3501,43.7556],[28.2545,43.7662],[28.2269,43.7702],[28.1912,43.7807],[28.1752,43.782],[28.1175,43.7975],[28.0174,43.8372],[27.9958,43.8432],[27.9776,43.9012],[27.9557,43.9404],[27.9456,43.985],[27.9184,44.0084],[27.8451,43.9667],[27.7558,43.9587],[27.7394,43.9539],[27.7115,43.9597],[27.6751,44.03],[27.6449,44.0483],[27.6133,44.0124],[27.4704,44.0227],[27.4008,44.0127],[27.3722,44.0393],[27.3576,44.0591],[27.2925,44.0754],[27.2776,44.1058],[27.2795,44.1226],[27.2728,44.1266],[27.2988,44.1379],[27.3271,44.1404],[27.3547,44.1294],[27.3908,44.1329],[27.4354,44.1239],[27.4611,44.1269],[27.5043,44.158],[27.5292,44.171],[27.5471,44.1766],[27.5627,44.1884],[27.6312,44.2062],[27.6866,44.2014],[27.7086,44.1964],[27.735,44.2017],[27.7778,44.2298],[27.8157,44.2458],[27.8649,44.2456],[27.879,44.2519],[27.9084,44.2481],[27.9356,44.2501],[27.9493,44.2571],[27.975,44.2795],[27.9784,44.2865],[27.9999,44.3048],[28.0133,44.3224],[28.02,44.3402],[28.0297,44.3683],[28.0595,44.3964],[28.071,44.4113],[28.1026,44.4283],[28.1105,44.4411],[28.1012,44.4542],[28.0911,44.4886],[28.0803,44.4983],[28.0554,44.5084],[28.0316,44.5533],[28.0182,44.5651],[28.0182,44.5824],[28.0349,44.6118],[28.0316,44.6271],[28.0141,44.6469],[27.9985,44.6517],[27.9702,44.67],[27.9597,44.6803],[27.9333,44.6793],[27.917,44.6941],[27.882,44.7092],[27.8738,44.7258],[27.8771,44.7514],[27.8827,44.7634],[27.8987,44.7727],[27.9493,44.7807],[27.9746,44.7727],[28.0029,44.7586],[28.0264,44.7642],[28.0379,44.7612],[28.0468,44.7735],[28.0677,44.7857],[28.0755,44.8041],[28.1164,44.7933],[28.1339,44.8011],[28.1544,44.8008],[28.183,44.7857],[28.1827,44.7612],[28.1964,44.7546],[28.218,44.7549],[28.2173,44.7624],[28.2411,44.7649],[28.2455,44.7235],[28.2325,44.7117],[28.2753,44.6976],[28.2932,44.7089],[28.3144,44.7117],[28.3285,44.7074],[28.3163,44.6964],[28.3512,44.6909],[28.3665,44.6919],[28.387,44.6808],[28.3784,44.6653],[28.3884,44.652],[28.3881,44.6399],[28.4138,44.6271],[28.4149,44.6131],[28.4361,44.6168],[28.4469,44.6527],[28.4283,44.656],[28.4365,44.6748],[28.4517,44.6746],[28.4502,44.6635],[28.4703,44.6587],[28.4711,44.6485],[28.5295,44.6331],[28.534,44.6615],[28.5823,44.6582],[28.592,44.6542],[28.6069,44.66],[28.6847,44.669],[28.6735,44.655],[28.6847,44.6502],[28.7223,44.6547],[28.7799,44.6552],[28.7907,44.6362],[28.8261,44.6324],[28.8521,44.6537],[28.8927,44.6776],[28.9187,44.6886],[28.9325,44.6979],[28.966,44.6924],[28.9853,44.6788],[28.9943,44.6806]]]}},{"type":"Feature","properties":{"ID_0":187,"ISO":"ROU","NAME_0":"Romania","ID_1":16,"NAME_1":"Covasna","TYPE_1":"Judet","ENGTYPE_1":"County","NL_NAME_1":"","VARNAME_1":""},"geometry":{"type":"Polygon","coordinates":[[[26.2647,46.2471],[26.2807,46.2471],[26.3116,46.2391],[26.3283,46.2303],[26.3399,46.2155],[26.3425,46.2009],[26.332,46.1838],[26.3492,46.1623],[26.3447,46.1379],[26.373,46.1462],[26.3882,46.1439],[26.386,46.1259],[26.3693,46.1186],[26.3745,46.108],[26.3938,46.1013],[26.4303,46.0792],[26.4414,46.0393],[26.447,46.0202],[26.4336,46.0004],[26.4388,45.9893],[26.3994,45.9662],[26.3908,45.9554],[26.389,45.9394],[26.396,45.921],[26.3771,45.9075],[26.3786,45.8897],[26.3893,45.8739],[26.3759,45.858],[26.3726,45.8437],[26.3767,45.8232],[26.3934,45.8028],[26.3853,45.7792],[26.3908,45.7649],[26.3823,45.7494],[26.386,45.7366],[26.3715,45.734],[26.3585,45.7107],[26.3432,45.7004],[26.3339,45.6864],[26.3354,45.6776],[26.3257,45.6495],[26.3309,45.6389],[26.3279,45.6249],[26.2967,45.598],[26.2773,45.5917],[26.2546,45.6008],[26.2565,45.6181],[26.2476,45.6266],[26.2148,45.6218],[26.1876,45.6083],[26.1761,45.5799],[26.1642,45.5696],[26.1568,45.5852],[26.1449,45.5807],[26.1393,45.5679],[26.1233,45.5496],[26.0995,45.5287],[26.0924,45.5172],[26.0961,45.5358],[26.105,45.5501],[26.0968,45.5568],[26.0946,45.5729],[26.0734,45.5782],[26.0563,45.594],[26.063,45.6043],[26.0533,45.6186],[26.0146,45.6208],[26.0224,45.6372],[26.0012,45.6462],[25.9655,45.6474],[25.9729,45.6881],[25.9435,45.6916],[25.9149,45.7102],[25.8598,45.7102],[25.8557,45.7227],[25.8233,45.726],[25.8282,45.7436],[25.7679,45.7574],[25.7452,45.7702],[25.7117,45.7702],[25.6734,45.7461],[25.6775,45.775],[25.6693,45.787],[25.6402,45.8021],[25.6451,45.8091],[25.6242,45.8146],[25.6082,45.8314],[25.5874,45.8279],[25.5692,45.8367],[25.5658,45.8606],[25.5595,45.8781],[25.5848,45.8831],[25.6008,45.8819],[25.6071,45.8914],[25.571,45.8964],[25.5547,45.8904],[25.5502,45.907],[25.5647,45.915],[25.5413,45.9366],[25.5513,45.9502],[25.5405,45.966],[25.5424,45.9835],[25.5606,46.0014],[25.5714,46.0031],[25.5829,46.0262],[25.561,46.0388],[25.5524,46.0528],[25.5286,46.0516],[25.5063,46.0455],[25.4836,46.0598],[25.4568,46.0699],[25.4527,46.1043],[25.4679,46.106],[25.4795,46.1241],[25.4799,46.1444],[25.497,46.1482],[25.5104,46.162],[25.5078,46.1856],[25.5625,46.2175],[25.5766,46.2132],[25.6041,46.2418],[25.6324,46.2446],[25.676,46.2629],[25.6815,46.2719],[25.7016,46.277],[25.7273,46.275],[25.7359,46.2637],[25.7281,46.2524],[25.7467,46.2383],[25.7701,46.2107],[25.795,46.1904],[25.7895,46.1801],[25.8055,46.1723],[25.8282,46.1477],[25.8382,46.1429],[25.8483,46.1251],[25.8594,46.1196],[25.8795,46.1244],[25.9041,46.1229],[25.9227,46.1309],[25.9487,46.1299],[25.9841,46.1341],[26.0206,46.1281],[26.0399,46.1515],[26.0585,46.16],[26.0861,46.1587],[26.1006,46.1655],[26.1195,46.1628],[26.1404,46.1715],[26.1743,46.1605],[26.1787,46.1783],[26.2104,46.1806],[26.2208,46.2062],[26.2531,46.2105],[26.2624,46.2157],[26.2569,46.2273],[26.2647,46.2471]]]}},{"type":"Feature","properties":{"ID_0":187,"ISO":"ROU","NAME_0":"Romania","ID_1":17,"NAME_1":"Dambovita","TYPE_1":"Judet","ENGTYPE_1":"County","NL_NAME_1":"","VARNAME_1":"Dambovita"},"geometry":{"type":"Polygon","coordinates":[[[25.4531,45.4411],[25.4743,45.4263],[25.4717,45.4108],[25.4858,45.3954],[25.4728,45.3671],[25.4694,45.3472],[25.4743,45.3284],[25.4892,45.3149],[25.5044,45.3181],[25.5513,45.2795],[25.5558,45.2707],[25.5264,45.2443],[25.5197,45.2323],[25.5241,45.2187],[25.5357,45.216],[25.5409,45.2039],[25.536,45.1884],[25.5591,45.1929],[25.5666,45.172],[25.5997,45.1477],[25.5948,45.1437],[25.6257,45.1068],[25.6414,45.0922],[25.673,45.0839],[25.6882,45.0593],[25.7028,45.0455],[25.7031,45.0352],[25.6882,45.0295],[25.6771,45.0099],[25.6853,44.979],[25.6797,44.9642],[25.6894,44.9476],[25.7117,44.9416],[25.747,44.9426],[25.7891,44.9532],[25.8036,44.9213],[25.8125,44.9228],[25.8244,44.9035],[25.8092,44.8917],[25.8151,44.8749],[25.8044,44.8678],[25.8036,44.8525],[25.7757,44.8372],[25.7783,44.8252],[25.8021,44.8214],[25.8434,44.8103],[25.8453,44.8231],[25.8561,44.8307],[25.8747,44.8262],[25.8877,44.8071],[25.9067,44.7958],[25.9193,44.7822],[25.9264,44.7629],[25.9413,44.7576],[25.9357,44.7476],[25.9097,44.7343],[25.9193,44.7135],[25.9279,44.7092],[25.9368,44.6929],[25.9595,44.6959],[25.9528,44.7167],[25.9703,44.721],[25.9763,44.7002],[25.9912,44.6914],[25.9599,44.6841],[25.9733,44.6756],[25.9677,44.6587],[25.9439,44.658],[25.9406,44.6462],[25.9688,44.6324],[25.9841,44.6289],[25.9934,44.6123],[25.9584,44.5882],[25.9312,44.5719],[25.9067,44.5636],[25.8885,44.5809],[25.8777,44.5659],[25.8922,44.5415],[25.8765,44.5342],[25.855,44.5393],[25.8475,44.5275],[25.8334,44.5415],[25.8118,44.5491],[25.7906,44.5305],[25.7657,44.536],[25.7314,44.5368],[25.7236,44.5455],[25.7095,44.5448],[25.6838,44.5234],[25.6722,44.5322],[25.6373,44.5496],[25.6183,44.5511],[25.6023,44.529],[25.5651,44.5317],[25.5405,44.5393],[25.5174,44.5194],[25.5003,44.5177],[25.4828,44.4991],[25.5014,44.4881],[25.4996,44.4662],[25.4817,44.4522],[25.43,44.474],[25.4512,44.4916],[25.4404,44.5016],[25.3965,44.5184],[25.3704,44.4976],[25.3593,44.4798],[25.3678,44.4745],[25.3574,44.4597],[25.3429,44.465],[25.3239,44.4469],[25.3236,44.4409],[25.299,44.4306],[25.3049,44.4243],[25.2603,44.4092],[25.2521,44.4037],[25.2365,44.4246],[25.2789,44.4534],[25.2715,44.4627],[25.2819,44.4753],[25.267,44.5069],[25.2592,44.5122],[25.2815,44.5282],[25.299,44.5566],[25.2767,44.5676],[25.2551,44.5626],[25.222,44.602],[25.2153,44.6151],[25.2015,44.6078],[25.1944,44.6201],[25.2063,44.6329],[25.181,44.6497],[25.1699,44.662],[25.1896,44.6708],[25.1978,44.6668],[25.2391,44.6951],[25.2339,44.7007],[25.1926,44.7115],[25.187,44.716],[25.184,44.7376],[25.1937,44.7361],[25.2115,44.7642],[25.2145,44.7825],[25.1989,44.8061],[25.2015,44.8114],[25.1903,44.8284],[25.1978,44.848],[25.2056,44.8545],[25.1948,44.8711],[25.1933,44.8854],[25.1993,44.9035],[25.1687,44.9225],[25.1706,44.9727],[25.1784,44.9896],[25.197,44.9906],[25.1985,45.0189],[25.1888,45.0335],[25.1736,45.0408],[25.1487,45.0385],[25.1501,45.0521],[25.1267,45.0659],[25.1438,45.0844],[25.1706,45.0807],[25.1807,45.0905],[25.1781,45.1075],[25.1594,45.1188],[25.1483,45.1316],[25.155,45.1572],[25.1539,45.1896],[25.1479,45.1989],[25.1665,45.2079],[25.181,45.1956],[25.1967,45.172],[25.2089,45.1635],[25.2305,45.1675],[25.2566,45.1833],[25.2491,45.2112],[25.2711,45.2137],[25.2953,45.2323],[25.2867,45.2408],[25.2826,45.2714],[25.3068,45.2925],[25.3049,45.2988],[25.3176,45.3229],[25.3113,45.3362],[25.3262,45.3455],[25.3269,45.3563],[25.3183,45.3701],[25.3232,45.3814],[25.3634,45.3919],[25.4036,45.3869],[25.4103,45.3912],[25.4118,45.4268],[25.4255,45.4361],[25.4531,45.4411]]]}},{"type":"Feature","properties":{"ID_0":187,"ISO":"ROU","NAME_0":"Romania","ID_1":18,"NAME_1":"Dolj","TYPE_1":"Judet","ENGTYPE_1":"County","NL_NAME_1":"","VARNAME_1":""},"geometry":{"type":"Polygon","coordinates":[[[23.7826,44.7137],[23.787,44.6936],[23.7822,44.6891],[23.7926,44.6695],[23.7885,44.6633],[23.7896,44.6377],[23.8183,44.6479],[23.8294,44.6364],[23.844,44.6387],[23.8611,44.6256],[23.8774,44.6306],[23.9009,44.6259],[23.883,44.6148],[23.8994,44.5752],[23.9124,44.5789],[23.9232,44.5634],[23.9299,44.5305],[23.892,44.5084],[23.9057,44.4994],[23.8901,44.4848],[23.8655,44.4697],[23.8734,44.4637],[23.899,44.4579],[23.8961,44.4461],[23.8838,44.4338],[23.8834,44.4236],[23.9009,44.4253],[23.953,44.4165],[23.9701,44.4107],[23.9597,44.3819],[23.9794,44.3804],[23.9861,44.3733],[24.0166,44.3774],[24.0468,44.3686],[24.0438,44.35],[24.071,44.3332],[24.0929,44.2996],[24.11,44.3011],[24.1134,44.2672],[24.148,44.2639],[24.1513,44.2564],[24.1755,44.2516],[24.1711,44.2353],[24.2079,44.2358],[24.2139,44.219],[24.231,44.215],[24.2139,44.1741],[24.2362,44.1713],[24.2139,44.1103],[24.2723,44.1085],[24.2727,44.0895],[24.2019,44.0917],[24.1912,44.0694],[24.1755,44.0066],[24.2127,44.0049],[24.2663,43.9991],[24.2615,43.9743],[24.2533,43.9574],[24.2339,43.9617],[24.225,43.9416],[24.2496,43.9306],[24.2287,43.8854],[24.2358,43.8836],[24.2261,43.8638],[24.2284,43.8518],[24.2008,43.8583],[24.2031,43.8472],[24.1938,43.8274],[24.1938,43.8108],[24.1778,43.8091],[24.1569,43.8144],[24.1368,43.775],[24.1305,43.775],[24.1141,43.6999],[24.0881,43.7024],[24.0624,43.7192],[24.0211,43.7295],[23.9682,43.7448],[23.9281,43.7453],[23.8748,43.7534],[23.8328,43.7662],[23.812,43.776],[23.7833,43.78],[23.7666,43.7862],[23.7513,43.8016],[23.7022,43.8043],[23.6776,43.8021],[23.633,43.7918],[23.614,43.7918],[23.5823,43.7973],[23.5455,43.8121],[23.5168,43.8314],[23.4659,43.8405],[23.4376,43.8505],[23.4167,43.853],[23.3751,43.848],[23.3379,43.8503],[23.2694,43.8472],[23.2404,43.8375],[23.2303,43.8377],[23.1767,43.8214],[23.1324,43.8056],[23.0554,43.796],[23.0305,43.8041],[22.9869,43.8098],[22.9769,43.8088],[22.9356,43.8239],[22.8965,43.8292],[22.8682,43.8387],[22.844,43.8641],[22.8399,43.8872],[22.8638,43.9243],[22.8619,43.9341],[22.8697,43.9479],[22.8801,43.9818],[22.8932,43.9921],[22.9304,44.0016],[22.9713,44.0089],[22.9802,44.0066],[23.0055,44.0114],[23.0342,44.038],[23.0472,44.0583],[23.0387,44.0799],[23.026,44.0897],[22.9933,44.098],[22.968,44.0988],[22.9854,44.1251],[23.0063,44.1399],[23.0067,44.1585],[23.087,44.1572],[23.0989,44.1467],[23.1116,44.1505],[23.1194,44.1899],[23.0967,44.1997],[23.1138,44.2177],[23.0956,44.223],[23.0993,44.2408],[23.0908,44.2433],[23.0956,44.2629],[23.1101,44.2719],[23.1324,44.3161],[23.1778,44.3249],[23.195,44.353],[23.1909,44.3616],[23.208,44.3678],[23.2247,44.3836],[23.25,44.3854],[23.1994,44.4138],[23.2069,44.4366],[23.1979,44.4529],[23.2013,44.4682],[23.2374,44.4748],[23.2485,44.4825],[23.2456,44.4953],[23.2809,44.5019],[23.2854,44.5159],[23.2671,44.5302],[23.2891,44.5388],[23.3192,44.54],[23.3382,44.5242],[23.3609,44.543],[23.3799,44.543],[23.4056,44.5337],[23.4309,44.5345],[23.4454,44.5513],[23.4536,44.5528],[23.4566,44.5699],[23.4659,44.5764],[23.5068,44.5827],[23.5161,44.6018],[23.557,44.607],[23.5905,44.6153],[23.6024,44.6055],[23.6062,44.5947],[23.6251,44.589],[23.6404,44.5957],[23.6988,44.6025],[23.7122,44.6078],[23.7215,44.6276],[23.7107,44.6459],[23.71,44.658],[23.7241,44.6828],[23.7219,44.7024],[23.7141,44.715],[23.7208,44.7285],[23.7472,44.7165],[23.7826,44.7137]]]}},{"type":"Feature","properties":{"ID_0":187,"ISO":"ROU","NAME_0":"Romania","ID_1":19,"NAME_1":"Galati","TYPE_1":"Judet","ENGTYPE_1":"County","NL_NAME_1":"","VARNAME_1":"Galati"},"geometry":{"type":"Polygon","coordinates":[[[28.1175,46.108],[28.0904,46.0694],[28.1019,46.0649],[28.1064,46.0528],[28.0926,46.0363],[28.0874,46.0094],[28.0978,45.9981],[28.1194,45.9454],[28.1157,45.9369],[28.1268,45.9213],[28.1146,45.8997],[28.122,45.8839],[28.1335,45.8761],[28.1205,45.8636],[28.1157,45.8495],[28.1131,45.8149],[28.1227,45.8066],[28.122,45.7913],[28.1369,45.7785],[28.1555,45.7827],[28.1451,45.7607],[28.1525,45.7446],[28.1678,45.7371],[28.1626,45.725],[28.1719,45.7084],[28.1622,45.7029],[28.173,45.6796],[28.1637,45.6608],[28.1756,45.6462],[28.1581,45.6369],[28.1466,45.6226],[28.1209,45.6271],[28.0911,45.6103],[28.0937,45.5988],[28.1134,45.5872],[28.1224,45.5726],[28.1421,45.5762],[28.1458,45.5671],[28.1667,45.546],[28.1637,45.5337],[28.1734,45.5014],[28.1894,45.4735],[28.2344,45.4635],[28.2169,45.4617],[28.1975,45.4522],[28.1942,45.417],[28.1834,45.4135],[28.1324,45.4376],[28.109,45.4416],[28.0766,45.4351],[28.0405,45.416],[28.0319,45.4045],[27.9877,45.3909],[27.9571,45.4032],[27.9158,45.4085],[27.8857,45.4208],[27.8641,45.3969],[27.8422,45.4002],[27.8168,45.3947],[27.8098,45.4037],[27.7867,45.4075],[27.7837,45.4225],[27.7525,45.4175],[27.7447,45.4474],[27.7067,45.4359],[27.6747,45.4464],[27.6937,45.472],[27.6885,45.4825],[27.662,45.4727],[27.646,45.4783],[27.6475,45.4625],[27.6286,45.4557],[27.6256,45.4665],[27.6014,45.4843],[27.5817,45.4911],[27.5601,45.4886],[27.5444,45.4996],[27.5415,45.5122],[27.5262,45.5197],[27.5299,45.5418],[27.5258,45.5536],[27.5057,45.5634],[27.5117,45.5769],[27.5325,45.5792],[27.5195,45.5922],[27.5154,45.6188],[27.5002,45.6357],[27.4849,45.6409],[27.4715,45.6369],[27.4563,45.6547],[27.4492,45.6776],[27.4269,45.6693],[27.4112,45.6781],[27.4042,45.6889],[27.3647,45.7258],[27.3535,45.7511],[27.3584,45.7556],[27.3401,45.784],[27.3208,45.8058],[27.3063,45.8425],[27.2918,45.8603],[27.2817,45.857],[27.2724,45.8741],[27.2501,45.8729],[27.2538,45.8826],[27.2862,45.8869],[27.2761,45.8982],[27.2627,45.9231],[27.2508,45.9351],[27.2389,45.9562],[27.2345,45.9893],[27.2278,46.0029],[27.2352,46.0222],[27.2348,46.042],[27.2702,46.0418],[27.281,46.0596],[27.2832,46.0754],[27.2977,46.0847],[27.3227,46.0857],[27.3238,46.0794],[27.3699,46.0789],[27.371,46.087],[27.396,46.0865],[27.4302,46.093],[27.4242,46.1116],[27.4298,46.1163],[27.4198,46.1309],[27.428,46.1394],[27.4499,46.1269],[27.4827,46.1261],[27.4857,46.1399],[27.5046,46.1397],[27.5262,46.1148],[27.537,46.0947],[27.5188,46.0857],[27.5337,46.0674],[27.5169,46.0566],[27.5292,46.044],[27.5441,46.0194],[27.5638,46.0069],[27.5884,46.0079],[27.6059,46.0197],[27.5973,46.028],[27.6014,46.0563],[27.6289,46.0616],[27.6125,46.0769],[27.6077,46.0915],[27.5895,46.1116],[27.5954,46.1264],[27.5828,46.1447],[27.5928,46.1505],[27.6118,46.1364],[27.652,46.1407],[27.6732,46.1331],[27.6814,46.1382],[27.7127,46.1294],[27.764,46.1281],[27.7651,46.1156],[27.7815,46.1113],[27.7845,46.0952],[27.8168,46.105],[27.8094,46.1118],[27.847,46.1266],[27.8477,46.1587],[27.8708,46.1615],[27.8734,46.1457],[27.8868,46.1457],[27.9121,46.154],[27.9277,46.1527],[27.9411,46.1354],[27.965,46.1414],[27.9746,46.1216],[27.9858,46.1108],[28.0107,46.1156],[28.0104,46.1053],[28.0427,46.1068],[28.0773,46.1178],[28.106,46.1171],[28.1175,46.108]]]}},{"type":"Feature","properties":{"ID_0":187,"ISO":"ROU","NAME_0":"Romania","ID_1":20,"NAME_1":"Giurgiu","TYPE_1":"Judet","ENGTYPE_1":"County","NL_NAME_1":"","VARNAME_1":""},"geometry":{"type":"Polygon","coordinates":[[[25.8922,44.5415],[25.9223,44.5167],[25.8974,44.4861],[25.9145,44.4738],[25.9019,44.4534],[25.8814,44.4622],[25.871,44.4597],[25.8669,44.4436],[25.8486,44.4316],[25.8706,44.4193],[25.8252,44.3987],[25.83,44.3907],[25.8602,44.3867],[25.8587,44.3774],[25.8695,44.3696],[25.8706,44.3573],[25.8877,44.3583],[25.9093,44.3339],[25.9387,44.3359],[25.9562,44.3289],[25.9532,44.3171],[25.9845,44.3204],[25.9964,44.3161],[26.0031,44.2996],[26.0444,44.2805],[26.0615,44.2667],[26.0887,44.2677],[26.0898,44.2576],[26.1106,44.2466],[26.1274,44.2443],[26.1508,44.2338],[26.1776,44.2478],[26.1917,44.2418],[26.197,44.2569],[26.2148,44.2632],[26.2509,44.2953],[26.2613,44.295],[26.2844,44.2772],[26.3052,44.2561],[26.3201,44.2586],[26.3425,44.2423],[26.3614,44.2423],[26.3626,44.2235],[26.402,44.2243],[26.4016,44.1841],[26.415,44.1763],[26.4284,44.1575],[26.4299,44.1457],[26.4184,44.1254],[26.3815,44.1198],[26.3599,44.1083],[26.3815,44.0433],[26.3064,44.027],[26.2811,44.0119],[26.2543,44.0021],[26.1932,43.9835],[26.1486,43.9845],[26.1132,43.9725],[26.0444,43.9012],[26.0012,43.8856],[25.9781,43.8703],[25.9413,43.852],[25.9201,43.8287],[25.916,43.8186],[25.8937,43.8003],[25.8858,43.7837],[25.8565,43.7611],[25.8252,43.7501],[25.8029,43.7371],[25.7939,43.7207],[25.7817,43.7107],[25.7355,43.6929],[25.6734,43.6916],[25.6789,43.722],[25.6641,43.7192],[25.6615,43.7463],[25.6525,43.7501],[25.6693,43.7734],[25.6618,43.779],[25.6611,43.8206],[25.6313,43.8209],[25.6309,43.8447],[25.6082,43.8447],[25.6086,43.8781],[25.6161,43.8824],[25.6161,43.9042],[25.5859,43.907],[25.5867,43.9381],[25.6194,43.9379],[25.6198,43.9564],[25.593,43.9848],[25.6053,43.9911],[25.5956,44.0139],[25.6008,44.038],[25.6082,44.0463],[25.6302,44.0516],[25.6172,44.0651],[25.6265,44.0862],[25.6477,44.095],[25.6406,44.101],[25.6603,44.1146],[25.7065,44.1093],[25.7083,44.1356],[25.6804,44.1269],[25.6789,44.1577],[25.6916,44.1537],[25.7046,44.1607],[25.657,44.169],[25.6678,44.2002],[25.6682,44.212],[25.6815,44.2238],[25.6864,44.2396],[25.6972,44.2499],[25.686,44.2622],[25.6693,44.2704],[25.6711,44.2928],[25.6577,44.2973],[25.6521,44.275],[25.6194,44.2918],[25.6332,44.3071],[25.6231,44.3159],[25.6049,44.3206],[25.5963,44.3111],[25.5725,44.3086],[25.5528,44.3189],[25.5115,44.3144],[25.4694,44.3257],[25.4784,44.3538],[25.4728,44.3736],[25.4512,44.3784],[25.4501,44.3874],[25.427,44.3969],[25.4304,44.4042],[25.4519,44.42],[25.4609,44.4215],[25.4817,44.4522],[25.4996,44.4662],[25.5014,44.4881],[25.4828,44.4991],[25.5003,44.5177],[25.5174,44.5194],[25.5405,44.5393],[25.5651,44.5317],[25.6023,44.529],[25.6183,44.5511],[25.6373,44.5496],[25.6722,44.5322],[25.6838,44.5234],[25.7095,44.5448],[25.7236,44.5455],[25.7314,44.5368],[25.7657,44.536],[25.7906,44.5305],[25.8118,44.5491],[25.8334,44.5415],[25.8475,44.5275],[25.855,44.5393],[25.8765,44.5342],[25.8922,44.5415]]]}},{"type":"Feature","properties":{"ID_0":187,"ISO":"ROU","NAME_0":"Romania","ID_1":21,"NAME_1":"Gorj","TYPE_1":"Judet","ENGTYPE_1":"County","NL_NAME_1":"","VARNAME_1":""},"geometry":{"type":"Polygon","coordinates":[[[23.7826,44.7137],[23.7472,44.7165],[23.7208,44.7285],[23.7141,44.715],[23.7219,44.7024],[23.7241,44.6828],[23.71,44.658],[23.7107,44.6459],[23.7215,44.6276],[23.7122,44.6078],[23.6988,44.6025],[23.6404,44.5957],[23.6251,44.589],[23.6062,44.5947],[23.6024,44.6055],[23.5905,44.6153],[23.557,44.607],[23.5161,44.6018],[23.5068,44.5827],[23.4659,44.5764],[23.4566,44.5699],[23.4171,44.5789],[23.4045,44.591],[23.4138,44.6111],[23.3739,44.6271],[23.3446,44.6341],[23.3211,44.6482],[23.3185,44.661],[23.2951,44.671],[23.2765,44.669],[23.2389,44.6715],[23.2084,44.6796],[23.189,44.6801],[23.1953,44.6941],[23.1741,44.6909],[23.1421,44.6906],[23.1161,44.6871],[23.1064,44.6944],[23.0911,44.6956],[23.0781,44.7072],[23.064,44.7122],[23.0669,44.7273],[23.0524,44.7293],[23.0089,44.7436],[22.9962,44.7624],[22.994,44.7812],[22.962,44.7953],[22.9542,44.7837],[22.943,44.7835],[22.9333,44.7986],[22.9352,44.8151],[22.9129,44.8237],[22.8984,44.8425],[22.8932,44.8678],[22.8972,44.8849],[22.8913,44.9052],[22.8727,44.9476],[22.8917,44.974],[22.898,44.9896],[22.8932,44.9963],[22.8537,44.9923],[22.8574,45.0029],[22.8384,45.0112],[22.8332,45.024],[22.8184,45.0363],[22.77,45.0506],[22.7491,45.0674],[22.7476,45.0827],[22.706,45.0691],[22.6993,45.0885],[22.6855,45.1065],[22.6714,45.103],[22.658,45.108],[22.6509,45.1281],[22.6416,45.1281],[22.6066,45.1382],[22.5824,45.1384],[22.562,45.1565],[22.5783,45.1831],[22.6018,45.2054],[22.6282,45.2092],[22.6516,45.2248],[22.6505,45.234],[22.6665,45.2363],[22.6836,45.2506],[22.7104,45.2586],[22.7276,45.2544],[22.7447,45.2659],[22.773,45.2704],[22.7923,45.2692],[22.8176,45.2727],[22.831,45.2852],[22.8451,45.279],[22.8667,45.2619],[22.8987,45.275],[22.9345,45.279],[22.9657,45.2707],[22.9694,45.2581],[22.9858,45.2544],[22.9944,45.2599],[23.0167,45.2546],[23.0576,45.2667],[23.0729,45.2775],[23.0889,45.275],[23.0941,45.291],[23.1142,45.2893],[23.1585,45.2752],[23.1883,45.2858],[23.2087,45.2777],[23.2266,45.2998],[23.2482,45.3076],[23.2783,45.3066],[23.2913,45.3101],[23.3103,45.3006],[23.3352,45.3156],[23.3315,45.3221],[23.3483,45.337],[23.3803,45.3382],[23.4056,45.3329],[23.4361,45.3154],[23.461,45.3171],[23.4904,45.3151],[23.5314,45.3334],[23.5529,45.3395],[23.5675,45.3495],[23.592,45.3533],[23.6028,45.3432],[23.6307,45.3354],[23.6411,45.3488],[23.6527,45.3498],[23.6705,45.3417],[23.6884,45.3274],[23.7118,45.3344],[23.7219,45.3297],[23.761,45.3372],[23.7788,45.349],[23.7941,45.3505],[23.8168,45.3462],[23.8272,45.3357],[23.848,45.3277],[23.8458,45.3154],[23.8272,45.3008],[23.7978,45.2614],[23.8194,45.2077],[23.841,45.1934],[23.8533,45.1693],[23.857,45.1507],[23.8499,45.1409],[23.8298,45.1359],[23.8149,45.1241],[23.825,45.1163],[23.8186,45.1023],[23.8302,45.0882],[23.8302,45.0749],[23.784,45.0636],[23.7967,45.0237],[23.7736,45.0094],[23.7591,45.0046],[23.7636,44.9667],[23.774,44.9497],[23.7662,44.9253],[23.771,44.9085],[23.7621,44.8982],[23.7684,44.8723],[23.7818,44.8623],[23.787,44.845],[23.7833,44.8387],[23.7974,44.8171],[23.7777,44.7973],[23.7721,44.779],[23.7826,44.7596],[23.7785,44.7323],[23.7826,44.7137]]]}},{"type":"Feature","properties":{"ID_0":187,"ISO":"ROU","NAME_0":"Romania","ID_1":22,"NAME_1":"Harghita","TYPE_1":"Judet","ENGTYPE_1":"County","NL_NAME_1":"","VARNAME_1":""},"geometry":{"type":"Polygon","coordinates":[[[25.6633,47.092],[25.6786,47.09],[25.7162,47.0764],[25.7363,47.0739],[25.75,47.0476],[25.7709,47.0355],[25.7709,47.0177],[25.7917,46.9971],[25.7932,46.9815],[25.8081,46.9657],[25.8215,46.977],[25.8404,46.963],[25.8442,46.9434],[25.8572,46.921],[25.8025,46.9266],[25.8032,46.9165],[25.766,46.8852],[25.7828,46.8628],[25.7645,46.8467],[25.7813,46.835],[25.7895,46.8505],[25.807,46.8407],[25.7954,46.8334],[25.839,46.8176],[25.8241,46.8028],[25.8096,46.8003],[25.8189,46.7777],[25.814,46.7634],[25.8177,46.7496],[25.8032,46.7413],[25.8036,46.7298],[25.7884,46.7238],[25.7958,46.7059],[25.8103,46.7022],[25.8345,46.6806],[25.8628,46.6592],[25.868,46.6502],[25.9037,46.6497],[25.9104,46.6562],[25.903,46.6705],[25.8885,46.6833],[25.8922,46.6931],[25.9097,46.7017],[25.9774,46.6969],[25.9796,46.6889],[26.0075,46.6608],[26.0094,46.6354],[25.9923,46.6163],[26.0005,46.6013],[26.0235,46.5887],[26.0347,46.5714],[26.0369,46.5443],[26.0514,46.5312],[26.0756,46.526],[26.0846,46.5127],[26.076,46.4848],[26.0611,46.4941],[26.0213,46.4928],[26.0183,46.4775],[26.0057,46.4446],[25.9893,46.4396],[26.0038,46.4273],[25.999,46.4205],[26.0217,46.4092],[26.0354,46.4175],[26.0634,46.412],[26.0634,46.401],[26.1114,46.401],[26.1664,46.3852],[26.1657,46.3478],[26.1508,46.3272],[26.1579,46.3154],[26.1787,46.3109],[26.2104,46.3121],[26.2278,46.3186],[26.2375,46.3355],[26.2725,46.3452],[26.2945,46.3344],[26.2851,46.3214],[26.2803,46.2996],[26.2718,46.2875],[26.255,46.2775],[26.255,46.2672],[26.2647,46.2471],[26.2569,46.2273],[26.2624,46.2157],[26.2531,46.2105],[26.2208,46.2062],[26.2104,46.1806],[26.1787,46.1783],[26.1743,46.1605],[26.1404,46.1715],[26.1195,46.1628],[26.1006,46.1655],[26.0861,46.1587],[26.0585,46.16],[26.0399,46.1515],[26.0206,46.1281],[25.9841,46.1341],[25.9487,46.1299],[25.9227,46.1309],[25.9041,46.1229],[25.8795,46.1244],[25.8594,46.1196],[25.8483,46.1251],[25.8382,46.1429],[25.8282,46.1477],[25.8055,46.1723],[25.7895,46.1801],[25.795,46.1904],[25.7701,46.2107],[25.7467,46.2383],[25.7281,46.2524],[25.7359,46.2637],[25.7273,46.275],[25.7016,46.277],[25.6815,46.2719],[25.676,46.2629],[25.6324,46.2446],[25.6041,46.2418],[25.5766,46.2132],[25.5625,46.2175],[25.5078,46.1856],[25.5104,46.162],[25.497,46.1482],[25.4799,46.1444],[25.4795,46.1241],[25.4679,46.106],[25.4527,46.1043],[25.456,46.1203],[25.4266,46.1229],[25.4065,46.1329],[25.3965,46.1301],[25.366,46.1422],[25.347,46.1663],[25.3291,46.1781],[25.3217,46.1738],[25.2994,46.1776],[25.2752,46.1703],[25.2514,46.1417],[25.2268,46.1512],[25.1903,46.1718],[25.1747,46.1675],[25.142,46.1806],[25.1144,46.2097],[25.1021,46.2328],[25.0779,46.2328],[25.0712,46.2453],[25.0392,46.2403],[25.0065,46.2486],[24.9875,46.2376],[24.9577,46.2496],[24.9451,46.2431],[24.9336,46.2541],[24.9324,46.2699],[24.9127,46.2795],[24.8896,46.2991],[24.8636,46.3114],[24.871,46.34],[24.8625,46.3555],[24.8867,46.3641],[24.8792,46.3814],[24.9101,46.3909],[24.9503,46.3749],[24.9808,46.3849],[24.9611,46.404],[24.938,46.4087],[24.938,46.4226],[24.9514,46.4341],[24.9484,46.4436],[24.9648,46.4474],[24.9823,46.4444],[24.9976,46.4632],[25.0195,46.4642],[25.0266,46.4788],[25.0106,46.4953],[24.992,46.5001],[25.0072,46.5124],[25.024,46.5413],[25.0705,46.5558],[25.0891,46.5772],[25.1103,46.5832],[25.1527,46.5774],[25.1531,46.5847],[25.1807,46.5995],[25.2,46.6269],[25.2223,46.6254],[25.2242,46.6394],[25.2398,46.6495],[25.2383,46.6698],[25.2532,46.6753],[25.2826,46.6723],[25.2964,46.6884],[25.2845,46.7067],[25.261,46.7273],[25.2629,46.7504],[25.2908,46.7526],[25.3195,46.7697],[25.3139,46.7863],[25.2878,46.8021],[25.2811,46.8151],[25.2852,46.835],[25.2532,46.8412],[25.2662,46.8769],[25.2785,46.8972],[25.2636,46.9128],[25.2715,46.9281],[25.2726,46.9466],[25.2852,46.9537],[25.2897,46.9692],[25.2904,46.9933],[25.2674,47.0112],[25.2722,47.0295],[25.2547,47.041],[25.2328,47.0619],[25.2324,47.0759],[25.2484,47.0983],[25.2811,47.104],[25.2975,47.1156],[25.2889,47.1326],[25.2964,47.1567],[25.3094,47.166],[25.321,47.1653],[25.3552,47.1756],[25.3757,47.1756],[25.3902,47.1811],[25.4054,47.1786],[25.4274,47.1843],[25.427,47.1715],[25.462,47.1437],[25.4728,47.1399],[25.5282,47.1055],[25.5372,47.0837],[25.5539,47.0814],[25.5759,47.085],[25.603,47.0777],[25.6254,47.0952],[25.6633,47.092]]]}},{"type":"Feature","properties":{"ID_0":187,"ISO":"ROU","NAME_0":"Romania","ID_1":23,"NAME_1":"Hunedoara","TYPE_1":"Judet","ENGTYPE_1":"County","NL_NAME_1":"","VARNAME_1":""},"geometry":{"type":"Polygon","coordinates":[[[23.5995,45.4727],[23.5969,45.4527],[23.5783,45.4238],[23.5939,45.4215],[23.5928,45.402],[23.6021,45.3884],[23.6017,45.3774],[23.5868,45.3701],[23.592,45.3533],[23.5675,45.3495],[23.5529,45.3395],[23.5314,45.3334],[23.4904,45.3151],[23.461,45.3171],[23.4361,45.3154],[23.4056,45.3329],[23.3803,45.3382],[23.3483,45.337],[23.3315,45.3221],[23.3352,45.3156],[23.3103,45.3006],[23.2913,45.3101],[23.2783,45.3066],[23.2482,45.3076],[23.2266,45.2998],[23.2087,45.2777],[23.1883,45.2858],[23.1585,45.2752],[23.1142,45.2893],[23.0941,45.291],[23.0889,45.275],[23.0729,45.2775],[23.0576,45.2667],[23.0167,45.2546],[22.9944,45.2599],[22.9858,45.2544],[22.9694,45.2581],[22.9657,45.2707],[22.9345,45.279],[22.8987,45.275],[22.8667,45.2619],[22.8451,45.279],[22.831,45.2852],[22.8176,45.2727],[22.7923,45.2692],[22.773,45.2704],[22.7447,45.2659],[22.7276,45.2544],[22.7104,45.2586],[22.6836,45.2506],[22.6903,45.275],[22.6788,45.283],[22.6978,45.3031],[22.6926,45.3277],[22.6684,45.3525],[22.6702,45.3618],[22.6583,45.3716],[22.6699,45.3829],[22.6825,45.3862],[22.7004,45.3992],[22.7145,45.416],[22.7056,45.4336],[22.7056,45.4562],[22.6937,45.476],[22.6926,45.4906],[22.6777,45.4968],[22.6788,45.5162],[22.6591,45.5242],[22.6427,45.5533],[22.6431,45.5651],[22.6345,45.5714],[22.594,45.5619],[22.5973,45.5739],[22.5832,45.5839],[22.5456,45.588],[22.546,45.5955],[22.5139,45.5955],[22.4994,45.6158],[22.4779,45.6264],[22.4552,45.6474],[22.4555,45.6608],[22.428,45.6693],[22.4377,45.6826],[22.4641,45.6881],[22.47,45.6939],[22.4663,45.7227],[22.4708,45.731],[22.508,45.7436],[22.5422,45.7657],[22.553,45.7792],[22.5378,45.8013],[22.5017,45.7855],[22.4823,45.787],[22.4715,45.8018],[22.4797,45.8078],[22.4756,45.8269],[22.431,45.8646],[22.4098,45.8638],[22.3934,45.8744],[22.3856,45.8854],[22.3885,45.8977],[22.4105,45.9075],[22.4198,45.9374],[22.3818,45.9627],[22.3539,45.973],[22.3413,45.979],[22.3394,45.9926],[22.3502,45.9984],[22.3848,45.9953],[22.3919,46.0084],[22.4064,46.0026],[22.4142,46.0099],[22.4388,46.0114],[22.4429,46.0277],[22.4291,46.0337],[22.4358,46.0491],[22.4306,46.0787],[22.4191,46.0814],[22.4068,46.0957],[22.4153,46.1085],[22.4332,46.1068],[22.447,46.1163],[22.4685,46.1487],[22.4548,46.1633],[22.4496,46.1934],[22.4392,46.2084],[22.4704,46.233],[22.4879,46.2363],[22.5151,46.225],[22.5858,46.2338],[22.5887,46.2253],[22.6074,46.2187],[22.6275,46.2315],[22.6375,46.2263],[22.6583,46.2351],[22.6639,46.2489],[22.6568,46.2576],[22.6624,46.2717],[22.6766,46.288],[22.684,46.3101],[22.6784,46.3186],[22.7302,46.3362],[22.7503,46.3515],[22.7797,46.35],[22.8135,46.3259],[22.8466,46.3282],[22.8742,46.3382],[22.9222,46.3324],[22.9348,46.3269],[22.9441,46.2993],[22.9598,46.2933],[22.965,46.2832],[22.949,46.2664],[22.9579,46.2602],[22.9583,46.2458],[22.9784,46.233],[22.9832,46.2182],[23.0044,46.212],[23.0137,46.2152],[23.0413,46.2089],[23.0521,46.2142],[23.0695,46.2082],[23.0714,46.1989],[23.0971,46.1826],[23.0922,46.166],[23.106,46.1507],[23.0993,46.1397],[23.0781,46.1457],[23.0565,46.1409],[23.0688,46.1216],[23.0658,46.1095],[23.0863,46.1033],[23.0993,46.0799],[23.0855,46.0711],[23.1053,46.0606],[23.1153,46.0475],[23.1358,46.0373],[23.1857,46.0275],[23.2102,46.0365],[23.2359,46.027],[23.2418,46.0094],[23.2363,45.9898],[23.2538,45.9697],[23.2534,45.9597],[23.2668,45.9338],[23.2999,45.9185],[23.3245,45.9215],[23.3356,45.909],[23.3148,45.9037],[23.3122,45.8932],[23.333,45.8764],[23.3252,45.8382],[23.3386,45.8204],[23.3494,45.7885],[23.3587,45.7765],[23.3773,45.7712],[23.3825,45.7594],[23.3635,45.716],[23.3676,45.7072],[23.3855,45.6964],[23.4063,45.6916],[23.4205,45.6743],[23.4037,45.6595],[23.3911,45.6575],[23.3851,45.6477],[23.3695,45.6407],[23.3717,45.6276],[23.3896,45.6231],[23.413,45.6336],[23.4279,45.6234],[23.4201,45.6138],[23.4301,45.589],[23.4554,45.5802],[23.4994,45.5799],[23.5046,45.5639],[23.5198,45.5511],[23.5381,45.5501],[23.5559,45.531],[23.5738,45.5209],[23.579,45.5079],[23.5969,45.4926],[23.5995,45.4727]]]}},{"type":"Feature","properties":{"ID_0":187,"ISO":"ROU","NAME_0":"Romania","ID_1":24,"NAME_1":"Iasi","TYPE_1":"Judet","ENGTYPE_1":"County","NL_NAME_1":"","VARNAME_1":"Iasi"},"geometry":{"type":"Polygon","coordinates":[[[28.116,46.838],[28.093,46.8488],[28.055,46.8518],[28.0439,46.8435],[28.0163,46.8339],[27.9918,46.8387],[27.981,46.8578],[27.9437,46.8553],[27.9497,46.8377],[27.93,46.8196],[27.9095,46.8066],[27.8712,46.84],[27.8682,46.856],[27.8489,46.8656],[27.8343,46.8638],[27.8314,46.8538],[27.7986,46.8606],[27.8154,46.8804],[27.8105,46.8947],[27.8135,46.9323],[27.8172,46.9436],[27.8116,46.9537],[27.7856,46.9459],[27.7726,46.9494],[27.7718,46.9323],[27.7856,46.9067],[27.7841,46.898],[27.793,46.8746],[27.77,46.8781],[27.7461,46.9027],[27.7346,46.9226],[27.726,46.9203],[27.7071,46.9404],[27.6952,46.9374],[27.6847,46.9554],[27.6609,46.9743],[27.6393,46.9775],[27.6226,46.9918],[27.6103,46.9707],[27.6085,46.9574],[27.6185,46.9502],[27.6163,46.9291],[27.6397,46.9128],[27.6334,46.8969],[27.6088,46.8932],[27.601,46.8824],[27.5861,46.8892],[27.5649,46.8859],[27.5478,46.9148],[27.5214,46.9148],[27.5258,46.8909],[27.5348,46.8824],[27.518,46.8754],[27.502,46.8769],[27.4912,46.8698],[27.4734,46.8713],[27.4261,46.8628],[27.4153,46.8761],[27.4038,46.8761],[27.3997,46.8939],[27.3785,46.8897],[27.3398,46.8749],[27.3379,46.8681],[27.2966,46.8676],[27.2799,46.8718],[27.2531,46.8678],[27.2281,46.8683],[27.2039,46.8829],[27.2028,46.8947],[27.1727,46.9263],[27.1236,46.9509],[27.1355,46.9637],[27.1504,46.9617],[27.1738,46.976],[27.182,46.9891],[27.2006,46.9783],[27.2188,46.974],[27.2311,46.9778],[27.2419,47.0122],[27.2211,47.0172],[27.2077,47.0277],[27.1883,47.0302],[27.1786,47.0408],[27.1872,47.0511],[27.185,47.0611],[27.1571,47.0827],[27.099,47.0922],[27.0622,47.0852],[27.0536,47.0636],[27.035,47.0568],[27.032,47.0378],[27.0238,47.0337],[27.0041,47.0398],[26.9855,47.0779],[26.9729,47.0772],[26.9639,47.0619],[26.9632,47.046],[26.9345,47.0348],[26.904,47.0282],[26.8798,47.0578],[26.8352,47.0433],[26.8225,47.0526],[26.8136,47.0676],[26.7965,47.0734],[26.7611,47.0983],[26.7432,47.0945],[26.7269,47.0855],[26.7094,47.0925],[26.6844,47.1128],[26.6379,47.0927],[26.6163,47.1098],[26.6152,47.1442],[26.6018,47.155],[26.6108,47.1605],[26.6037,47.1721],[26.6178,47.1821],[26.5974,47.2102],[26.575,47.2175],[26.5598,47.2403],[26.5415,47.2521],[26.52,47.2604],[26.5095,47.272],[26.5501,47.3018],[26.5642,47.2925],[26.5762,47.3068],[26.5538,47.3094],[26.5427,47.3156],[26.5244,47.3365],[26.5125,47.3355],[26.5002,47.3621],[26.5084,47.3726],[26.495,47.3924],[26.5289,47.405],[26.5345,47.3902],[26.5724,47.3897],[26.5728,47.3766],[26.6007,47.3678],[26.6108,47.3555],[26.6376,47.3585],[26.6751,47.3588],[26.6629,47.3706],[26.6759,47.3811],[26.6495,47.4015],[26.6688,47.406],[26.7027,47.42],[26.6818,47.4401],[26.6818,47.4569],[26.7027,47.4718],[26.7284,47.473],[26.7057,47.4986],[26.7001,47.5097],[26.7235,47.5147],[26.7552,47.5031],[26.7957,47.5011],[26.8192,47.5081],[26.8456,47.4961],[26.8783,47.4921],[26.9289,47.4923],[26.9557,47.4971],[26.9922,47.4928],[27.016,47.4728],[27.0436,47.4384],[27.051,47.4512],[27.051,47.4665],[27.0663,47.4622],[27.0837,47.4647],[27.077,47.5144],[27.0931,47.5428],[27.1016,47.5481],[27.1463,47.5418],[27.1608,47.5353],[27.1705,47.524],[27.2051,47.5192],[27.2609,47.5295],[27.2479,47.543],[27.2501,47.5629],[27.265,47.5714],[27.297,47.5674],[27.3178,47.5769],[27.3301,47.5724],[27.3483,47.5754],[27.3926,47.5897],[27.4187,47.5724],[27.4269,47.5533],[27.4391,47.5508],[27.4462,47.53],[27.4559,47.522],[27.4559,47.5076],[27.4696,47.4986],[27.4767,47.4853],[27.5136,47.4775],[27.5255,47.4823],[27.5567,47.4712],[27.5757,47.4569],[27.5593,47.4446],[27.5575,47.4263],[27.5768,47.4183],[27.5843,47.4],[27.5712,47.3952],[27.5712,47.3744],[27.5776,47.3681],[27.6029,47.3676],[27.5962,47.3495],[27.6163,47.3385],[27.6059,47.3289],[27.6286,47.3191],[27.6341,47.3036],[27.6669,47.3073],[27.6933,47.2923],[27.7067,47.2895],[27.729,47.2958],[27.7398,47.2757],[27.7584,47.2491],[27.7469,47.2428],[27.7726,47.2215],[27.7878,47.2192],[27.7923,47.2072],[27.7889,47.1901],[27.8046,47.1876],[27.7986,47.1705],[27.8128,47.1643],[27.7953,47.1495],[27.8068,47.1379],[27.8511,47.1311],[27.828,47.1236],[27.8347,47.1158],[27.8745,47.1085],[27.8976,47.0827],[27.9158,47.0696],[27.9359,47.0624],[27.9594,47.0581],[27.9512,47.0478],[27.9761,47.0435],[27.9795,47.0378],[28.0163,47.024],[28.0357,47.0307],[28.0446,47.0209],[28.0345,47.0139],[28.0498,47.0024],[28.0781,46.9918],[28.0974,46.9765],[28.0799,46.9635],[28.1,46.9489],[28.1004,46.9271],[28.1142,46.9226],[28.1038,46.9095],[28.0885,46.9077],[28.0874,46.8972],[28.1041,46.8962],[28.1198,46.8794],[28.1008,46.8701],[28.1246,46.8573],[28.116,46.838]]]}},{"type":"Feature","properties":{"ID_0":187,"ISO":"ROU","NAME_0":"Romania","ID_1":25,"NAME_1":"Ialomita","TYPE_1":"Judet","ENGTYPE_1":"County","NL_NAME_1":"","VARNAME_1":"Ialomita"},"geometry":{"type":"Polygon","coordinates":[[[27.2051,44.7875],[27.2252,44.783],[27.2285,44.7707],[27.259,44.7501],[27.2895,44.7855],[27.3111,44.775],[27.3424,44.8026],[27.3669,44.7898],[27.3837,44.7747],[27.3934,44.7835],[27.4094,44.7732],[27.438,44.7991],[27.4797,44.7755],[27.4857,44.7807],[27.5046,44.7747],[27.5284,44.7742],[27.5407,44.7837],[27.5932,44.7837],[27.5928,44.7782],[27.6505,44.776],[27.6505,44.7704],[27.722,44.7672],[27.7242,44.7782],[27.7458,44.7795],[27.745,44.7888],[27.7298,44.8021],[27.7432,44.8071],[27.7752,44.8031],[27.7875,44.8201],[27.828,44.8204],[27.8221,44.7975],[27.8355,44.7785],[27.8708,44.7757],[27.8827,44.7634],[27.8771,44.7514],[27.8738,44.7258],[27.882,44.7092],[27.917,44.6941],[27.9333,44.6793],[27.9597,44.6803],[27.9702,44.67],[27.9985,44.6517],[28.0141,44.6469],[28.0316,44.6271],[28.0349,44.6118],[28.0182,44.5824],[28.0182,44.5651],[28.0316,44.5533],[28.0554,44.5084],[28.0803,44.4983],[28.0911,44.4886],[28.1012,44.4542],[28.1105,44.4411],[28.1026,44.4283],[28.071,44.4113],[28.0595,44.3964],[28.0297,44.3683],[28.02,44.3402],[27.8567,44.3804],[27.8455,44.3706],[27.8358,44.3472],[27.815,44.3344],[27.8012,44.3387],[27.7908,44.3553],[27.7733,44.3445],[27.7499,44.3621],[27.7577,44.3661],[27.7473,44.3821],[27.7714,44.3949],[27.7521,44.3977],[27.735,44.4065],[27.7327,44.4195],[27.6557,44.4213],[27.6606,44.4416],[27.6501,44.4512],[27.6509,44.465],[27.6405,44.471],[27.6155,44.468],[27.5716,44.468],[27.5735,44.5593],[27.5478,44.5624],[27.5471,44.5423],[27.5266,44.544],[27.5199,44.4973],[27.5039,44.4938],[27.39,44.4963],[27.3915,44.5061],[27.3714,44.5064],[27.3718,44.5164],[27.3539,44.5174],[27.3472,44.4863],[27.2892,44.4901],[27.2918,44.5041],[27.2694,44.5066],[27.2646,44.4893],[27.2296,44.4938],[27.227,44.5137],[27.2073,44.5159],[27.2121,44.5014],[27.2077,44.484],[27.1898,44.4921],[27.1411,44.5014],[27.137,44.4833],[27.0931,44.4853],[27.0931,44.5091],[27.0052,44.5089],[27.0049,44.5292],[26.974,44.5295],[26.8943,44.5164],[26.8772,44.5179],[26.8314,44.528],[26.8251,44.5119],[26.8128,44.5217],[26.7979,44.5114],[26.7808,44.5212],[26.7883,44.542],[26.7619,44.5503],[26.7559,44.5287],[26.7243,44.538],[26.7272,44.5591],[26.7057,44.5593],[26.6841,44.5654],[26.6774,44.5747],[26.6852,44.5912],[26.6662,44.5957],[26.6376,44.5418],[26.626,44.5418],[26.6007,44.5232],[26.5642,44.5267],[26.5237,44.5586],[26.5092,44.5558],[26.4794,44.5731],[26.4574,44.5669],[26.4374,44.5493],[26.4593,44.541],[26.4299,44.5214],[26.4176,44.5214],[26.4024,44.5337],[26.3693,44.5352],[26.3492,44.5523],[26.3577,44.5644],[26.3804,44.5829],[26.3722,44.5895],[26.4027,44.6111],[26.3986,44.6251],[26.3774,44.6213],[26.367,44.6457],[26.3484,44.6695],[26.3354,44.6748],[26.3428,44.6879],[26.3614,44.6881],[26.3719,44.6987],[26.3633,44.7052],[26.3756,44.7207],[26.3503,44.7323],[26.3034,44.7689],[26.3235,44.787],[26.3484,44.7782],[26.3644,44.7802],[26.3748,44.7617],[26.3875,44.7624],[26.4541,44.8114],[26.495,44.7913],[26.5092,44.797],[26.5352,44.8219],[26.5267,44.8272],[26.5624,44.839],[26.607,44.8573],[26.6193,44.8405],[26.6323,44.8139],[26.6476,44.8219],[26.6789,44.8096],[26.7153,44.8196],[26.7202,44.8093],[26.7779,44.8154],[26.8117,44.7955],[26.8318,44.798],[26.8478,44.8154],[26.8672,44.8063],[26.8802,44.8206],[26.9118,44.8078],[26.9747,44.7885],[27.0093,44.8247],[27.0584,44.7978],[27.1124,44.7822],[27.0994,44.7451],[27.1355,44.7358],[27.1407,44.7453],[27.1853,44.7345],[27.1954,44.7526],[27.1716,44.7571],[27.1548,44.7649],[27.1571,44.789],[27.2051,44.7875]]]}},{"type":"Feature","properties":{"ID_0":187,"ISO":"ROU","NAME_0":"Romania","ID_1":26,"NAME_1":"Ilfov","TYPE_1":"Judet","ENGTYPE_1":"County","NL_NAME_1":"","VARNAME_1":""},"geometry":{"type":"Polygon","coordinates":[[[26.3034,44.7689],[26.3503,44.7323],[26.3756,44.7207],[26.3633,44.7052],[26.3719,44.6987],[26.3614,44.6881],[26.3428,44.6879],[26.3354,44.6748],[26.3484,44.6695],[26.367,44.6457],[26.3774,44.6213],[26.3986,44.6251],[26.4027,44.6111],[26.3722,44.5895],[26.3804,44.5829],[26.3577,44.5644],[26.3492,44.5523],[26.3693,44.5352],[26.4024,44.5337],[26.4176,44.5214],[26.3618,44.4861],[26.396,44.4574],[26.428,44.4567],[26.453,44.4625],[26.4641,44.4534],[26.4072,44.4278],[26.3923,44.4298],[26.357,44.4128],[26.3454,44.403],[26.3246,44.3964],[26.3116,44.4017],[26.2941,44.417],[26.2881,44.4055],[26.3,44.3904],[26.3142,44.3907],[26.3172,44.3716],[26.3071,44.3513],[26.2825,44.349],[26.2539,44.3304],[26.2758,44.3166],[26.2558,44.2983],[26.2613,44.295],[26.2509,44.2953],[26.2148,44.2632],[26.197,44.2569],[26.1917,44.2418],[26.1776,44.2478],[26.1508,44.2338],[26.1274,44.2443],[26.1106,44.2466],[26.0898,44.2576],[26.0887,44.2677],[26.0615,44.2667],[26.0444,44.2805],[26.0031,44.2996],[25.9964,44.3161],[25.9845,44.3204],[25.9532,44.3171],[25.9562,44.3289],[25.9387,44.3359],[25.9093,44.3339],[25.8877,44.3583],[25.8706,44.3573],[25.8695,44.3696],[25.8587,44.3774],[25.8602,44.3867],[25.83,44.3907],[25.8252,44.3987],[25.8706,44.4193],[25.8486,44.4316],[25.8669,44.4436],[25.871,44.4597],[25.8814,44.4622],[25.9019,44.4534],[25.9145,44.4738],[25.8974,44.4861],[25.9223,44.5167],[25.8922,44.5415],[25.8777,44.5659],[25.8885,44.5809],[25.9067,44.5636],[25.9312,44.5719],[25.9584,44.5882],[25.9934,44.6123],[25.9841,44.6289],[25.9688,44.6324],[25.9406,44.6462],[25.9439,44.658],[25.9677,44.6587],[25.9733,44.6756],[25.9599,44.6841],[25.9912,44.6914],[25.9763,44.7002],[25.9703,44.721],[25.9733,44.7378],[25.9923,44.7446],[26.0005,44.7368],[26.0243,44.7451],[26.0596,44.7388],[26.0741,44.7511],[26.0902,44.7413],[26.0987,44.7436],[26.0902,44.7606],[26.1032,44.7672],[26.114,44.7546],[26.1341,44.7501],[26.1549,44.7584],[26.1635,44.7526],[26.1802,44.7566],[26.2059,44.7501],[26.2576,44.7423],[26.2595,44.7576],[26.2732,44.7561],[26.2751,44.7692],[26.3034,44.7689]],[[26.0462,44.5305],[26.0347,44.5247],[26.0135,44.5164],[26.0116,44.5174],[26.0031,44.5014],[26.0005,44.5016],[25.9938,44.4966],[25.9889,44.5004],[25.9878,44.4999],[25.9841,44.4976],[25.9845,44.4951],[25.9767,44.4675],[25.9796,44.467],[25.9886,44.466],[25.9923,44.4645],[25.9997,44.4622],[26.0001,44.4617],[26.0023,44.4617],[26.0127,44.4587],[26.0142,44.4564],[26.0142,44.4537],[26.0127,44.4446],[25.9662,44.4426],[25.967,44.4389],[25.9662,44.4389],[25.9647,44.4391],[25.964,44.4391],[25.9636,44.4391],[25.9625,44.4394],[25.9629,44.4371],[25.9655,44.4366],[25.9644,44.4336],[25.9659,44.4328],[25.9767,44.4075],[25.99,44.4087],[25.9945,44.4092],[25.9971,44.4055],[26.0049,44.4032],[26.012,44.4072],[26.0276,44.3922],[26.0451,44.3796],[26.0913,44.3696],[26.0935,44.3678],[26.1129,44.3666],[26.1296,44.3558],[26.1404,44.3372],[26.1482,44.3365],[26.1549,44.3359],[26.1556,44.34],[26.1635,44.348],[26.1601,44.3467],[26.1449,44.3733],[26.1475,44.3781],[26.1616,44.3995],[26.1795,44.3949],[26.2022,44.3957],[26.2077,44.4035],[26.2074,44.4042],[26.2085,44.4065],[26.2174,44.4077],[26.2182,44.4095],[26.2174,44.418],[26.2342,44.4374],[26.2267,44.4411],[26.2241,44.4411],[26.2063,44.4449],[26.2037,44.4446],[26.1899,44.4456],[26.1862,44.4449],[26.175,44.4446],[26.1769,44.4499],[26.1776,44.4517],[26.1761,44.4544],[26.1746,44.4542],[26.1731,44.4532],[26.1716,44.4529],[26.1709,44.4529],[26.1702,44.4527],[26.169,44.4519],[26.1672,44.4524],[26.1583,44.4587],[26.1609,44.4612],[26.1716,44.4717],[26.1746,44.4743],[26.1772,44.4765],[26.1824,44.4795],[26.1865,44.4798],[26.1158,44.4881],[26.1047,44.5021],[26.1058,44.5162],[26.1054,44.5199],[26.1039,44.5202],[26.1035,44.53],[26.105,44.5403],[26.0801,44.5383],[26.0734,44.5425],[26.0682,44.5352],[26.0462,44.5305]]]}},{"type":"Feature","properties":{"ID_0":187,"ISO":"ROU","NAME_0":"Romania","ID_1":27,"NAME_1":"Maramure\u0219","TYPE_1":"Judet","ENGTYPE_1":"County","NL_NAME_1":"","VARNAME_1":"Maramures"},"geometry":{"type":"Polygon","coordinates":[[[24.9488,47.7293],[24.9496,47.7177],[24.9618,47.7057],[24.9834,47.6951],[25.0236,47.6665],[25.053,47.659],[25.0545,47.6417],[25.011,47.6329],[24.9764,47.6141],[24.9604,47.6156],[24.9626,47.597],[24.9183,47.5985],[24.9008,47.603],[24.874,47.5942],[24.8282,47.5965],[24.8089,47.5669],[24.7895,47.5767],[24.7724,47.5724],[24.7174,47.5727],[24.692,47.5586],[24.6541,47.5583],[24.6541,47.5674],[24.6336,47.5762],[24.6135,47.5701],[24.5838,47.5714],[24.5733,47.5626],[24.5588,47.5714],[24.5231,47.5777],[24.4933,47.5867],[24.4729,47.5885],[24.458,47.5955],[24.4386,47.5912],[24.388,47.6085],[24.3649,47.5789],[24.3478,47.5674],[24.327,47.5674],[24.3054,47.5794],[24.3035,47.5588],[24.2794,47.5415],[24.2779,47.5272],[24.2693,47.5177],[24.2537,47.5192],[24.2451,47.5021],[24.1837,47.5074],[24.1551,47.5031],[24.1431,47.4876],[24.1338,47.4943],[24.1204,47.479],[24.1298,47.4627],[24.119,47.4479],[24.11,47.4256],[24.0736,47.408],[24.062,47.3781],[24.0393,47.3744],[24.0244,47.3623],[23.9709,47.3658],[23.9422,47.3598],[23.9243,47.3525],[23.8949,47.3568],[23.8748,47.3713],[23.8544,47.3683],[23.8387,47.3498],[23.8428,47.3402],[23.8183,47.344],[23.7911,47.3367],[23.7613,47.3355],[23.7613,47.3262],[23.7297,47.3211],[23.6683,47.3658],[23.6627,47.3799],[23.6471,47.3932],[23.6281,47.3942],[23.6129,47.3877],[23.617,47.3764],[23.5861,47.3724],[23.5805,47.3626],[23.5399,47.3698],[23.4945,47.3663],[23.4834,47.3781],[23.4391,47.3811],[23.3952,47.3919],[23.3866,47.3874],[23.3639,47.4005],[23.3594,47.4163],[23.3379,47.4123],[23.3133,47.4241],[23.2887,47.4271],[23.2664,47.4258],[23.2497,47.4369],[23.2177,47.4351],[23.2061,47.4456],[23.183,47.4579],[23.16,47.4406],[23.1395,47.4449],[23.1053,47.4414],[23.0807,47.4451],[23.0454,47.4331],[23.0368,47.4158],[23.0253,47.4296],[22.9996,47.4311],[22.9657,47.4396],[22.9676,47.4562],[22.9851,47.461],[22.9631,47.479],[22.965,47.4868],[22.9884,47.4838],[23.0037,47.4908],[23.0472,47.4876],[23.0439,47.5084],[23.0535,47.5297],[23.055,47.5558],[23.0669,47.5716],[23.1023,47.592],[23.1235,47.6148],[23.1443,47.6246],[23.1685,47.5937],[23.2136,47.5704],[23.2318,47.5541],[23.259,47.5506],[23.2623,47.5812],[23.2831,47.5774],[23.2906,47.589],[23.2865,47.6151],[23.2891,47.6304],[23.3058,47.6276],[23.3163,47.6382],[23.3416,47.6439],[23.336,47.6527],[23.3576,47.668],[23.365,47.6658],[23.3885,47.6876],[23.365,47.6866],[23.3639,47.6994],[23.3472,47.7059],[23.3085,47.7122],[23.2809,47.7233],[23.2441,47.7308],[23.2318,47.7396],[23.237,47.7514],[23.2266,47.7667],[23.2634,47.7976],[23.2831,47.7976],[23.3103,47.7865],[23.3129,47.7752],[23.39,47.7795],[23.4089,47.7762],[23.4164,47.7684],[23.4659,47.7672],[23.4737,47.7795],[23.5392,47.8028],[23.5619,47.8043],[23.5622,47.8146],[23.5764,47.8244],[23.5954,47.8493],[23.6121,47.8475],[23.6292,47.8533],[23.6415,47.8648],[23.6292,47.8867],[23.6099,47.898],[23.5916,47.8992],[23.5649,47.9441],[23.5444,47.9416],[23.5329,47.9517],[23.5116,47.9554],[23.4953,47.968],[23.5027,47.969],[23.5273,48.0051],[23.5455,48.0089],[23.5678,48.0034],[23.6121,48.0084],[23.6437,48.0001],[23.6478,47.9916],[23.6646,47.9848],[23.6869,47.9873],[23.7092,47.9946],[23.7736,47.9951],[23.7933,47.9863],[23.8175,47.9828],[23.8525,47.9371],[23.8689,47.9323],[23.886,47.9444],[23.9437,47.9487],[23.9589,47.9652],[23.982,47.96],[24.0107,47.9675],[24.0334,47.9497],[24.0639,47.9537],[24.1004,47.9369],[24.1145,47.915],[24.1402,47.9123],[24.1666,47.9205],[24.1982,47.9163],[24.2299,47.8967],[24.257,47.907],[24.2812,47.9062],[24.2994,47.9118],[24.3266,47.9261],[24.3519,47.9158],[24.3832,47.9268],[24.3821,47.9341],[24.394,47.9532],[24.4174,47.96],[24.4375,47.9707],[24.4483,47.9645],[24.4732,47.9632],[24.5037,47.9524],[24.5287,47.9617],[24.5514,47.9602],[24.5644,47.9687],[24.5849,47.9652],[24.6035,47.9456],[24.6251,47.9519],[24.634,47.9401],[24.6366,47.9248],[24.6533,47.9193],[24.6753,47.8967],[24.6675,47.8769],[24.6746,47.8636],[24.7047,47.8528],[24.7073,47.8405],[24.736,47.844],[24.7546,47.8299],[24.7668,47.8395],[24.7799,47.8377],[24.7858,47.8237],[24.8294,47.8206],[24.823,47.8066],[24.8383,47.7938],[24.8383,47.7797],[24.8532,47.775],[24.8569,47.7659],[24.88,47.7529],[24.8882,47.7343],[24.8848,47.7245],[24.9488,47.7293]]]}},{"type":"Feature","properties":{"ID_0":187,"ISO":"ROU","NAME_0":"Romania","ID_1":28,"NAME_1":"Mehedinti","TYPE_1":"Judet","ENGTYPE_1":"County","NL_NAME_1":"","VARNAME_1":"Mehedinti"},"geometry":{"type":"Polygon","coordinates":[[[22.658,45.108],[22.6714,45.103],[22.6855,45.1065],[22.6993,45.0885],[22.706,45.0691],[22.7476,45.0827],[22.7491,45.0674],[22.77,45.0506],[22.8184,45.0363],[22.8332,45.024],[22.8384,45.0112],[22.8574,45.0029],[22.8537,44.9923],[22.8932,44.9963],[22.898,44.9896],[22.8917,44.974],[22.8727,44.9476],[22.8913,44.9052],[22.8972,44.8849],[22.8932,44.8678],[22.8984,44.8425],[22.9129,44.8237],[22.9352,44.8151],[22.9333,44.7986],[22.943,44.7835],[22.9542,44.7837],[22.962,44.7953],[22.994,44.7812],[22.9962,44.7624],[23.0089,44.7436],[23.0524,44.7293],[23.0669,44.7273],[23.064,44.7122],[23.0781,44.7072],[23.0911,44.6956],[23.1064,44.6944],[23.1161,44.6871],[23.1421,44.6906],[23.1741,44.6909],[23.1953,44.6941],[23.189,44.6801],[23.2084,44.6796],[23.2389,44.6715],[23.2765,44.669],[23.2951,44.671],[23.3185,44.661],[23.3211,44.6482],[23.3446,44.6341],[23.3739,44.6271],[23.4138,44.6111],[23.4045,44.591],[23.4171,44.5789],[23.4566,44.5699],[23.4536,44.5528],[23.4454,44.5513],[23.4309,44.5345],[23.4056,44.5337],[23.3799,44.543],[23.3609,44.543],[23.3382,44.5242],[23.3192,44.54],[23.2891,44.5388],[23.2671,44.5302],[23.2854,44.5159],[23.2809,44.5019],[23.2456,44.4953],[23.2485,44.4825],[23.2374,44.4748],[23.2013,44.4682],[23.1979,44.4529],[23.2069,44.4366],[23.1994,44.4138],[23.25,44.3854],[23.2247,44.3836],[23.208,44.3678],[23.1909,44.3616],[23.195,44.353],[23.1778,44.3249],[23.1324,44.3161],[23.1101,44.2719],[23.0956,44.2629],[23.0908,44.2433],[23.0993,44.2408],[23.0956,44.223],[23.1138,44.2177],[23.0967,44.1997],[23.1194,44.1899],[23.1116,44.1505],[23.0989,44.1467],[23.087,44.1572],[23.0067,44.1585],[23.0063,44.1399],[22.9854,44.1251],[22.968,44.0988],[22.927,44.1025],[22.9006,44.1151],[22.8727,44.1334],[22.8422,44.1467],[22.8146,44.1542],[22.7793,44.1756],[22.7536,44.1966],[22.738,44.2014],[22.6959,44.2049],[22.6751,44.2172],[22.6747,44.232],[22.6844,44.2481],[22.6866,44.2657],[22.6736,44.284],[22.6464,44.293],[22.6189,44.2935],[22.5653,44.3058],[22.5493,44.3229],[22.5251,44.34],[22.5054,44.3809],[22.5009,44.4007],[22.5032,44.4175],[22.4659,44.4451],[22.4574,44.4705],[22.4756,44.481],[22.5236,44.4722],[22.5497,44.482],[22.562,44.5056],[22.5646,44.5335],[22.5835,44.5496],[22.6167,44.5528],[22.6438,44.545],[22.6859,44.5202],[22.713,44.5199],[22.7551,44.5347],[22.7648,44.5405],[22.7633,44.5551],[22.7547,44.5659],[22.7078,44.6035],[22.6844,44.6093],[22.6695,44.6196],[22.6222,44.6151],[22.5679,44.6399],[22.5553,44.653],[22.5095,44.6909],[22.4849,44.7084],[22.463,44.7155],[22.4325,44.7104],[22.415,44.6994],[22.396,44.6818],[22.3777,44.6743],[22.3331,44.6756],[22.3048,44.6535],[22.3015,44.6389],[22.2758,44.6259],[22.2661,44.5965],[22.2319,44.5616],[22.204,44.5172],[22.1965,44.5101],[22.1854,44.4843],[22.1627,44.4725],[22.1422,44.4707],[22.1266,44.476],[22.0804,44.5059],[22.073,44.5229],[22.0395,44.5418],[22.0291,44.5596],[22.0298,44.5834],[22.0175,44.5995],[22.0313,44.6063],[22.0626,44.61],[22.0786,44.6221],[22.0927,44.6193],[22.1076,44.5993],[22.1191,44.5922],[22.1362,44.6],[22.1493,44.5875],[22.1679,44.6168],[22.179,44.6256],[22.1731,44.649],[22.1481,44.6537],[22.1407,44.6607],[22.1589,44.7305],[22.1686,44.7416],[22.1865,44.7413],[22.2058,44.7617],[22.198,44.7722],[22.2006,44.7908],[22.2166,44.8174],[22.2453,44.8076],[22.2646,44.785],[22.2989,44.7805],[22.3126,44.7755],[22.3331,44.7782],[22.3431,44.7745],[22.3554,44.7511],[22.3647,44.7453],[22.3844,44.7453],[22.3897,44.7576],[22.4198,44.7564],[22.4191,44.7709],[22.4265,44.7797],[22.4254,44.8011],[22.4481,44.8226],[22.4585,44.8503],[22.4715,44.8603],[22.4723,44.8691],[22.4879,44.8824],[22.4905,44.8944],[22.4838,44.9072],[22.4957,44.9102],[22.4961,44.9225],[22.4872,44.9326],[22.4939,44.9461],[22.5158,44.9539],[22.5125,44.9665],[22.4931,44.974],[22.5058,44.985],[22.5311,44.9973],[22.5605,45.0229],[22.5653,45.0347],[22.5884,45.0448],[22.6211,45.0752],[22.639,45.0952],[22.658,45.108]]]}},{"type":"Feature","properties":{"ID_0":187,"ISO":"ROU","NAME_0":"Romania","ID_1":29,"NAME_1":"Mures","TYPE_1":"Judet","ENGTYPE_1":"County","NL_NAME_1":"","VARNAME_1":"Mures"},"geometry":{"type":"Polygon","coordinates":[[[25.2484,47.0983],[25.2324,47.0759],[25.2328,47.0619],[25.2547,47.041],[25.2722,47.0295],[25.2674,47.0112],[25.2904,46.9933],[25.2897,46.9692],[25.2852,46.9537],[25.2726,46.9466],[25.2715,46.9281],[25.2636,46.9128],[25.2785,46.8972],[25.2662,46.8769],[25.2532,46.8412],[25.2852,46.835],[25.2811,46.8151],[25.2878,46.8021],[25.3139,46.7863],[25.3195,46.7697],[25.2908,46.7526],[25.2629,46.7504],[25.261,46.7273],[25.2845,46.7067],[25.2964,46.6884],[25.2826,46.6723],[25.2532,46.6753],[25.2383,46.6698],[25.2398,46.6495],[25.2242,46.6394],[25.2223,46.6254],[25.2,46.6269],[25.1807,46.5995],[25.1531,46.5847],[25.1527,46.5774],[25.1103,46.5832],[25.0891,46.5772],[25.0705,46.5558],[25.024,46.5413],[25.0072,46.5124],[24.992,46.5001],[25.0106,46.4953],[25.0266,46.4788],[25.0195,46.4642],[24.9976,46.4632],[24.9823,46.4444],[24.9648,46.4474],[24.9484,46.4436],[24.9514,46.4341],[24.938,46.4226],[24.938,46.4087],[24.9611,46.404],[24.9808,46.3849],[24.9503,46.3749],[24.9101,46.3909],[24.8792,46.3814],[24.8867,46.3641],[24.8625,46.3555],[24.871,46.34],[24.8636,46.3114],[24.8896,46.2991],[24.9127,46.2795],[24.9324,46.2699],[24.9336,46.2541],[24.9451,46.2431],[24.9577,46.2496],[24.9875,46.2376],[25.0065,46.2486],[25.0392,46.2403],[25.0712,46.2453],[25.0779,46.2328],[25.1021,46.2328],[25.1144,46.2097],[25.142,46.1806],[25.1747,46.1675],[25.1297,46.1467],[25.1033,46.1505],[25.0806,46.1497],[25.0526,46.1339],[25.0214,46.1422],[24.9797,46.1259],[24.9596,46.1123],[24.9477,46.0937],[24.9481,46.0794],[24.9198,46.0797],[24.9016,46.0925],[24.9019,46.1065],[24.8647,46.1113],[24.8435,46.1073],[24.8197,46.0945],[24.7929,46.0988],[24.7613,46.0852],[24.7393,46.0897],[24.7177,46.0767],[24.698,46.0837],[24.6932,46.0947],[24.6746,46.1033],[24.6786,46.1274],[24.6705,46.1389],[24.6816,46.1485],[24.6757,46.1688],[24.6842,46.1836],[24.679,46.215],[24.6653,46.2351],[24.6768,46.2531],[24.6653,46.2815],[24.6496,46.28],[24.634,46.2709],[24.6262,46.2526],[24.6057,46.2521],[24.5972,46.2694],[24.5704,46.2669],[24.5644,46.2579],[24.541,46.2609],[24.5369,46.2509],[24.5171,46.2541],[24.5064,46.2456],[24.4903,46.2591],[24.468,46.2624],[24.4368,46.2584],[24.4245,46.2639],[24.3902,46.2536],[24.3806,46.2438],[24.3549,46.2546],[24.3009,46.2554],[24.2909,46.2842],[24.2745,46.2767],[24.266,46.2536],[24.2507,46.2504],[24.2328,46.2599],[24.1949,46.2825],[24.1766,46.2717],[24.1632,46.2795],[24.1606,46.2918],[24.1487,46.2963],[24.1491,46.3282],[24.1312,46.3372],[24.0888,46.335],[24.052,46.3432],[24.03,46.354],[24.017,46.3681],[23.9988,46.3708],[23.9909,46.3801],[24.0367,46.4067],[24.0334,46.4459],[24.0159,46.4414],[24.0006,46.4286],[23.9869,46.4313],[24.0062,46.4424],[23.9816,46.4587],[23.969,46.4735],[23.9753,46.482],[23.9608,46.5147],[23.9869,46.5413],[24.0047,46.5415],[24.0285,46.5325],[24.0471,46.5453],[24.039,46.5576],[24.0542,46.5621],[24.0542,46.5752],[24.068,46.5973],[24.0657,46.6095],[24.0497,46.6098],[24.0278,46.6178],[24.0222,46.6284],[24.0334,46.6341],[24.0352,46.6452],[24.0955,46.6618],[24.1041,46.662],[24.1171,46.6896],[24.126,46.7004],[24.0907,46.7115],[24.0695,46.7348],[24.0762,46.7456],[24.0937,46.7506],[24.1167,46.7431],[24.1279,46.7468],[24.1171,46.7692],[24.151,46.7802],[24.1711,46.7825],[24.1897,46.7933],[24.1811,46.8051],[24.2001,46.8001],[24.2258,46.7812],[24.3028,46.7536],[24.3393,46.7581],[24.362,46.7471],[24.4003,46.7519],[24.4025,46.7644],[24.417,46.7742],[24.4535,46.7662],[24.4736,46.783],[24.452,46.7893],[24.4602,46.8194],[24.4688,46.8287],[24.4825,46.8314],[24.5101,46.8508],[24.5268,46.8533],[24.5365,46.8746],[24.5268,46.8809],[24.5238,46.8985],[24.5346,46.9072],[24.586,46.9155],[24.5871,46.9293],[24.596,46.9456],[24.6146,46.9449],[24.6273,46.9539],[24.6452,46.9381],[24.6604,46.9103],[24.7259,46.904],[24.7304,46.9128],[24.7479,46.9168],[24.724,46.9356],[24.7427,46.9534],[24.7467,46.9723],[24.7419,46.9813],[24.7549,46.9961],[24.7694,47.0019],[24.7892,47.0438],[24.8372,47.0784],[24.8558,47.0962],[24.8714,47.1053],[24.8993,47.109],[24.9317,47.0957],[24.9414,47.1008],[24.9525,47.1188],[24.9965,47.1126],[25.0199,47.1126],[25.0445,47.1326],[25.0649,47.1367],[25.0962,47.1208],[25.1271,47.1229],[25.1457,47.1136],[25.1658,47.1299],[25.184,47.1281],[25.2015,47.1138],[25.2268,47.1088],[25.235,47.0985],[25.2484,47.0983]]]}},{"type":"Feature","properties":{"ID_0":187,"ISO":"ROU","NAME_0":"Romania","ID_1":30,"NAME_1":"Neamt","TYPE_1":"Judet","ENGTYPE_1":"County","NL_NAME_1":"","VARNAME_1":"Neamt"},"geometry":{"type":"Polygon","coordinates":[[[26.5095,47.272],[26.52,47.2604],[26.5415,47.2521],[26.5598,47.2403],[26.575,47.2175],[26.5974,47.2102],[26.6178,47.1821],[26.6037,47.1721],[26.6108,47.1605],[26.6018,47.155],[26.6152,47.1442],[26.6163,47.1098],[26.6379,47.0927],[26.6844,47.1128],[26.7094,47.0925],[26.7269,47.0855],[26.7432,47.0945],[26.7611,47.0983],[26.7965,47.0734],[26.8136,47.0676],[26.8225,47.0526],[26.8352,47.0433],[26.8798,47.0578],[26.904,47.0282],[26.9345,47.0348],[26.9632,47.046],[26.9639,47.0619],[26.9729,47.0772],[26.9855,47.0779],[27.0041,47.0398],[27.0238,47.0337],[27.032,47.0378],[27.035,47.0568],[27.0536,47.0636],[27.0622,47.0852],[27.099,47.0922],[27.1571,47.0827],[27.185,47.0611],[27.1872,47.0511],[27.1786,47.0408],[27.1883,47.0302],[27.2077,47.0277],[27.2211,47.0172],[27.2419,47.0122],[27.2311,46.9778],[27.2188,46.974],[27.2006,46.9783],[27.182,46.9891],[27.1738,46.976],[27.1504,46.9617],[27.1355,46.9637],[27.1236,46.9509],[27.1727,46.9263],[27.2028,46.8947],[27.2039,46.8829],[27.1946,46.8688],[27.2211,46.849],[27.2088,46.8402],[27.2233,46.8317],[27.2144,46.8031],[27.2151,46.7895],[27.2311,46.7855],[27.2356,46.7775],[27.2077,46.7702],[27.1902,46.7612],[27.1872,46.7499],[27.1649,46.7496],[27.1623,46.7345],[27.1314,46.7474],[27.1169,46.7489],[27.1042,46.7687],[27.0774,46.7669],[27.0666,46.7591],[27.0536,46.7602],[27.0406,46.7704],[27.0116,46.7694],[26.9807,46.7629],[26.9643,46.7541],[26.9483,46.7589],[26.9479,46.7704],[26.9356,46.7855],[26.9155,46.783],[26.9126,46.794],[26.8973,46.796],[26.9163,46.8109],[26.9111,46.8274],[26.8835,46.8279],[26.8843,46.8161],[26.8675,46.8068],[26.8512,46.8048],[26.8512,46.7802],[26.8233,46.7735],[26.8433,46.7516],[26.8244,46.7433],[26.8188,46.7328],[26.7879,46.7172],[26.7604,46.7371],[26.7563,46.7566],[26.7328,46.7494],[26.7351,46.7634],[26.7071,46.7674],[26.6774,46.7679],[26.6725,46.7556],[26.6777,46.7363],[26.6666,46.7366],[26.6461,46.7217],[26.6249,46.7205],[26.6096,46.713],[26.5899,46.6894],[26.5717,46.6788],[26.5482,46.6786],[26.5315,46.6926],[26.5081,46.6946],[26.4954,46.6818],[26.4772,46.6788],[26.4199,46.6823],[26.4106,46.6648],[26.3916,46.6507],[26.3473,46.6512],[26.341,46.6605],[26.3026,46.6537],[26.2859,46.6806],[26.2654,46.6929],[26.2673,46.7034],[26.2412,46.6954],[26.2338,46.6851],[26.22,46.6803],[26.2178,46.6567],[26.1798,46.6505],[26.1609,46.6419],[26.1489,46.6575],[26.1292,46.6595],[26.0976,46.6487],[26.0808,46.6585],[26.0831,46.6738],[26.0741,46.6811],[26.0775,46.6944],[26.0693,46.7125],[26.0425,46.714],[26.0142,46.6944],[25.9956,46.6992],[25.9796,46.6889],[25.9774,46.6969],[25.9097,46.7017],[25.8922,46.6931],[25.8885,46.6833],[25.903,46.6705],[25.9104,46.6562],[25.9037,46.6497],[25.868,46.6502],[25.8628,46.6592],[25.8345,46.6806],[25.8103,46.7022],[25.7958,46.7059],[25.7884,46.7238],[25.8036,46.7298],[25.8032,46.7413],[25.8177,46.7496],[25.814,46.7634],[25.8189,46.7777],[25.8096,46.8003],[25.8241,46.8028],[25.839,46.8176],[25.7954,46.8334],[25.807,46.8407],[25.7895,46.8505],[25.7813,46.835],[25.7645,46.8467],[25.7828,46.8628],[25.766,46.8852],[25.8032,46.9165],[25.8025,46.9266],[25.8572,46.921],[25.8442,46.9434],[25.8404,46.963],[25.8215,46.977],[25.8081,46.9657],[25.7932,46.9815],[25.7917,46.9971],[25.7709,47.0177],[25.7709,47.0355],[25.75,47.0476],[25.7363,47.0739],[25.7162,47.0764],[25.6786,47.09],[25.6633,47.092],[25.6667,47.1191],[25.6994,47.1432],[25.6923,47.155],[25.7039,47.1731],[25.7217,47.1748],[25.7176,47.1961],[25.7307,47.2037],[25.7318,47.2175],[25.7459,47.2313],[25.7887,47.2381],[25.8148,47.2617],[25.8062,47.2802],[25.7917,47.2865],[25.7846,47.3013],[25.7705,47.3156],[25.7958,47.3199],[25.817,47.3124],[25.8371,47.3121],[25.8594,47.295],[25.8818,47.2858],[25.8873,47.2714],[25.9253,47.2594],[25.9342,47.277],[25.9692,47.2825],[25.9789,47.2888],[26.0098,47.2837],[26.0202,47.2893],[26.0578,47.2747],[26.0842,47.2848],[26.1069,47.2883],[26.1277,47.2986],[26.1456,47.2923],[26.1746,47.2968],[26.1873,47.3076],[26.2539,47.28],[26.2803,47.2863],[26.2788,47.2953],[26.3916,47.3327],[26.4072,47.3405],[26.4381,47.3274],[26.4459,47.3171],[26.5017,47.2837],[26.5095,47.272]]]}},{"type":"Feature","properties":{"ID_0":187,"ISO":"ROU","NAME_0":"Romania","ID_1":31,"NAME_1":"Olt","TYPE_1":"Judet","ENGTYPE_1":"County","NL_NAME_1":"","VARNAME_1":""},"geometry":{"type":"Polygon","coordinates":[[[24.4397,44.8457],[24.423,44.8274],[24.4494,44.8146],[24.4818,44.8224],[24.4948,44.8297],[24.5004,44.8457],[24.5116,44.8472],[24.5108,44.8663],[24.5257,44.8947],[24.5424,44.8914],[24.5443,44.8621],[24.5521,44.8595],[24.5581,44.8314],[24.5707,44.8194],[24.5785,44.7993],[24.5901,44.7978],[24.5893,44.776],[24.5927,44.7501],[24.6083,44.7541],[24.6329,44.733],[24.685,44.7381],[24.7043,44.7328],[24.7177,44.7182],[24.7121,44.7107],[24.6906,44.7027],[24.7066,44.6562],[24.704,44.6434],[24.7144,44.6198],[24.7103,44.6168],[24.7121,44.5827],[24.73,44.5724],[24.7311,44.5536],[24.7441,44.5383],[24.733,44.5224],[24.7289,44.4926],[24.7363,44.4921],[24.7356,44.4655],[24.7568,44.4652],[24.7561,44.4353],[24.7456,44.4233],[24.7557,44.403],[24.7561,44.3917],[24.7877,44.3984],[24.7892,44.3927],[24.8822,44.3944],[24.8856,44.3829],[24.883,44.3688],[24.8491,44.3686],[24.8186,44.3616],[24.8297,44.3327],[24.8457,44.3136],[24.8327,44.3098],[24.8238,44.2832],[24.8309,44.2727],[24.826,44.2443],[24.8387,44.2265],[24.8041,44.2014],[24.7948,44.1916],[24.807,44.1708],[24.8059,44.16],[24.816,44.1507],[24.8454,44.1339],[24.8554,44.108],[24.8558,44.0955],[24.8383,44.0885],[24.8022,44.0847],[24.8048,44.0789],[24.7605,44.0739],[24.762,44.0691],[24.7125,44.0593],[24.7218,44.0385],[24.6649,44.0295],[24.6146,44.0144],[24.6172,44.0104],[24.6065,43.9825],[24.5934,43.9584],[24.6195,43.9642],[24.6336,43.9617],[24.6351,43.9446],[24.6213,43.9341],[24.6247,43.9261],[24.6414,43.9266],[24.6649,43.8912],[24.6701,43.8671],[24.6958,43.8703],[24.7043,43.8513],[24.7252,43.8359],[24.7174,43.8292],[24.7449,43.8224],[24.7389,43.8031],[24.7494,43.7925],[24.6958,43.7822],[24.6853,43.7727],[24.6883,43.7601],[24.6667,43.7431],[24.6586,43.724],[24.6247,43.7428],[24.5908,43.7516],[24.5142,43.7629],[24.4997,43.7617],[24.4688,43.7494],[24.41,43.7373],[24.3843,43.72],[24.3832,43.713],[24.3501,43.6976],[24.3192,43.7009],[24.2403,43.6906],[24.2206,43.6858],[24.1748,43.6828],[24.1141,43.6999],[24.1305,43.775],[24.1368,43.775],[24.1569,43.8144],[24.1778,43.8091],[24.1938,43.8108],[24.1938,43.8274],[24.2031,43.8472],[24.2008,43.8583],[24.2284,43.8518],[24.2261,43.8638],[24.2358,43.8836],[24.2287,43.8854],[24.2496,43.9306],[24.225,43.9416],[24.2339,43.9617],[24.2533,43.9574],[24.2615,43.9743],[24.2663,43.9991],[24.2127,44.0049],[24.1755,44.0066],[24.1912,44.0694],[24.2019,44.0917],[24.2727,44.0895],[24.2723,44.1085],[24.2139,44.1103],[24.2362,44.1713],[24.2139,44.1741],[24.231,44.215],[24.2139,44.219],[24.2079,44.2358],[24.1711,44.2353],[24.1755,44.2516],[24.1513,44.2564],[24.148,44.2639],[24.1134,44.2672],[24.11,44.3011],[24.0929,44.2996],[24.071,44.3332],[24.0438,44.35],[24.0468,44.3686],[24.0166,44.3774],[23.9861,44.3733],[23.9794,44.3804],[23.9597,44.3819],[23.9701,44.4107],[23.953,44.4165],[23.9009,44.4253],[23.8834,44.4236],[23.8838,44.4338],[23.8961,44.4461],[23.899,44.4579],[23.8734,44.4637],[23.8655,44.4697],[23.8901,44.4848],[23.9057,44.4994],[23.892,44.5084],[23.9299,44.5305],[23.9411,44.5355],[23.9582,44.5312],[23.9909,44.5385],[24.0274,44.5305],[24.0542,44.5112],[24.0661,44.4961],[24.0791,44.4906],[24.0966,44.5162],[24.119,44.5383],[24.132,44.5415],[24.1431,44.5543],[24.1569,44.5588],[24.1737,44.5566],[24.1867,44.5463],[24.1997,44.5543],[24.2485,44.5531],[24.2604,44.5493],[24.2611,44.6005],[24.2827,44.6023],[24.289,44.5867],[24.2894,44.5666],[24.3266,44.5611],[24.3262,44.6133],[24.3087,44.6457],[24.3021,44.667],[24.2812,44.7079],[24.2779,44.7411],[24.2842,44.7501],[24.276,44.7692],[24.2987,44.7719],[24.3188,44.793],[24.3248,44.8309],[24.3203,44.8397],[24.3434,44.8538],[24.3341,44.8651],[24.3698,44.8721],[24.3813,44.8826],[24.3917,44.9017],[24.4256,44.8904],[24.4182,44.8558],[24.4397,44.8457]]]}},{"type":"Feature","properties":{"ID_0":187,"ISO":"ROU","NAME_0":"Romania","ID_1":32,"NAME_1":"Prahova","TYPE_1":"Judet","ENGTYPE_1":"County","NL_NAME_1":"","VARNAME_1":""},"geometry":{"type":"Polygon","coordinates":[[[26.0738,45.5066],[26.0879,45.4958],[26.0939,45.4843],[26.1188,45.477],[26.1404,45.4657],[26.1519,45.4504],[26.1463,45.4087],[26.1664,45.4017],[26.1553,45.3771],[26.1687,45.3638],[26.1876,45.3575],[26.1932,45.347],[26.213,45.3269],[26.2241,45.3264],[26.2353,45.3146],[26.1869,45.279],[26.2055,45.2742],[26.2193,45.2777],[26.2286,45.2672],[26.2327,45.2516],[26.2275,45.2446],[26.2517,45.213],[26.2691,45.2064],[26.3086,45.2087],[26.335,45.218],[26.3585,45.2135],[26.3473,45.1961],[26.3529,45.1869],[26.3544,45.1648],[26.3782,45.1587],[26.3986,45.1788],[26.4232,45.1756],[26.4619,45.1984],[26.4634,45.1587],[26.4712,45.1429],[26.4515,45.1266],[26.4571,45.0922],[26.4474,45.0737],[26.4645,45.0704],[26.4794,45.0478],[26.4787,45.0345],[26.4935,45.0056],[26.5118,45.0132],[26.5311,45.0152],[26.536,45.0034],[26.5568,44.9999],[26.5791,44.9715],[26.6015,44.9562],[26.5345,44.9399],[26.5378,44.9168],[26.5624,44.909],[26.5866,44.8826],[26.5948,44.8864],[26.61,44.8723],[26.607,44.8573],[26.5624,44.839],[26.5267,44.8272],[26.5352,44.8219],[26.5092,44.797],[26.495,44.7913],[26.4541,44.8114],[26.3875,44.7624],[26.3748,44.7617],[26.3644,44.7802],[26.3484,44.7782],[26.3235,44.787],[26.3034,44.7689],[26.2751,44.7692],[26.2732,44.7561],[26.2595,44.7576],[26.2576,44.7423],[26.2059,44.7501],[26.1802,44.7566],[26.1635,44.7526],[26.1549,44.7584],[26.1341,44.7501],[26.114,44.7546],[26.1032,44.7672],[26.0902,44.7606],[26.0987,44.7436],[26.0902,44.7413],[26.0741,44.7511],[26.0596,44.7388],[26.0243,44.7451],[26.0005,44.7368],[25.9923,44.7446],[25.9733,44.7378],[25.9703,44.721],[25.9528,44.7167],[25.9595,44.6959],[25.9368,44.6929],[25.9279,44.7092],[25.9193,44.7135],[25.9097,44.7343],[25.9357,44.7476],[25.9413,44.7576],[25.9264,44.7629],[25.9193,44.7822],[25.9067,44.7958],[25.8877,44.8071],[25.8747,44.8262],[25.8561,44.8307],[25.8453,44.8231],[25.8434,44.8103],[25.8021,44.8214],[25.7783,44.8252],[25.7757,44.8372],[25.8036,44.8525],[25.8044,44.8678],[25.8151,44.8749],[25.8092,44.8917],[25.8244,44.9035],[25.8125,44.9228],[25.8036,44.9213],[25.7891,44.9532],[25.747,44.9426],[25.7117,44.9416],[25.6894,44.9476],[25.6797,44.9642],[25.6853,44.979],[25.6771,45.0099],[25.6882,45.0295],[25.7031,45.0352],[25.7028,45.0455],[25.6882,45.0593],[25.673,45.0839],[25.6414,45.0922],[25.6257,45.1068],[25.5948,45.1437],[25.5997,45.1477],[25.5666,45.172],[25.5591,45.1929],[25.536,45.1884],[25.5409,45.2039],[25.5357,45.216],[25.5241,45.2187],[25.5197,45.2323],[25.5264,45.2443],[25.5558,45.2707],[25.5513,45.2795],[25.5044,45.3181],[25.4892,45.3149],[25.4743,45.3284],[25.4694,45.3472],[25.4728,45.3671],[25.4858,45.3954],[25.4717,45.4108],[25.4743,45.4263],[25.4531,45.4411],[25.4624,45.4542],[25.4866,45.4559],[25.4996,45.4677],[25.5152,45.47],[25.5331,45.4594],[25.552,45.4652],[25.5788,45.468],[25.5907,45.4615],[25.6041,45.4637],[25.609,45.477],[25.6309,45.4903],[25.6696,45.4961],[25.6827,45.5009],[25.7009,45.4913],[25.7042,45.481],[25.7277,45.4657],[25.7452,45.4682],[25.7675,45.4657],[25.7735,45.4745],[25.7898,45.481],[25.8111,45.4682],[25.8285,45.4421],[25.8304,45.4298],[25.8579,45.4271],[25.878,45.4424],[25.8888,45.4459],[25.8888,45.4665],[25.8963,45.473],[25.8922,45.4878],[25.9085,45.5009],[25.9234,45.5224],[25.935,45.5144],[25.9629,45.5109],[25.9971,45.5139],[26.0235,45.4893],[26.0421,45.4788],[26.0671,45.4856],[26.0738,45.5066]]]}},{"type":"Feature","properties":{"ID_0":187,"ISO":"ROU","NAME_0":"Romania","ID_1":33,"NAME_1":"Salaj","TYPE_1":"Judet","ENGTYPE_1":"County","NL_NAME_1":"","VARNAME_1":"Salaj"},"geometry":{"type":"Polygon","coordinates":[[[23.8428,47.3402],[23.8373,47.3229],[23.8004,47.2817],[23.8146,47.2682],[23.8108,47.2514],[23.7636,47.2837],[23.7543,47.2423],[23.7163,47.2501],[23.6839,47.2376],[23.6635,47.2371],[23.6452,47.2223],[23.6285,47.1941],[23.6356,47.1828],[23.6036,47.1648],[23.5756,47.1806],[23.5552,47.1776],[23.5425,47.1598],[23.4997,47.155],[23.5035,47.1171],[23.4915,47.1176],[23.4848,47.1045],[23.4867,47.0912],[23.4543,47.093],[23.4335,47.0852],[23.448,47.0769],[23.4521,47.0639],[23.4748,47.0553],[23.4759,47.0169],[23.4342,46.9941],[23.4067,46.9906],[23.4086,46.981],[23.3866,46.9775],[23.378,46.9665],[23.3847,46.9497],[23.3565,46.9203],[23.3408,46.909],[23.3267,46.9145],[23.3107,46.9113],[23.2921,46.898],[23.2779,46.902],[23.2578,46.918],[23.2604,46.9346],[23.2392,46.9477],[23.2177,46.9396],[23.2281,46.9323],[23.2061,46.9243],[23.2124,46.9025],[23.2225,46.8934],[23.202,46.8824],[23.1935,46.8703],[23.1778,46.8796],[23.1615,46.8756],[23.1347,46.859],[23.1168,46.8568],[23.096,46.8595],[23.0852,46.8676],[23.0937,46.8907],[23.0811,46.8985],[23.0625,46.9017],[23.0494,46.8914],[23.0331,46.9017],[23.0152,46.898],[23.0059,46.9047],[22.9892,46.903],[22.9657,46.9145],[22.9397,46.9163],[22.9192,46.9338],[22.8984,46.9439],[22.9006,46.9697],[22.8932,46.9758],[22.8645,46.9823],[22.8329,46.9943],[22.8228,46.9833],[22.7964,46.9775],[22.7815,46.9896],[22.7357,47.0084],[22.7305,47.0074],[22.7112,47.0109],[22.6929,47.0332],[22.6874,47.0518],[22.6688,47.0506],[22.6494,47.0576],[22.5947,47.0644],[22.5698,47.0829],[22.5471,47.0882],[22.5199,47.1096],[22.5586,47.1166],[22.5553,47.1419],[22.5363,47.15],[22.5411,47.162],[22.5121,47.1668],[22.4953,47.1859],[22.5132,47.1959],[22.508,47.2097],[22.5296,47.2202],[22.5184,47.2325],[22.5378,47.2366],[22.5642,47.2486],[22.562,47.2649],[22.5486,47.2815],[22.5527,47.3003],[22.5631,47.3076],[22.5794,47.3056],[22.6144,47.335],[22.6371,47.3402],[22.6315,47.35],[22.6442,47.3623],[22.6472,47.3746],[22.6755,47.3779],[22.6952,47.3867],[22.7242,47.3929],[22.735,47.4052],[22.7804,47.4165],[22.8035,47.4118],[22.8124,47.4002],[22.8347,47.4183],[22.8496,47.4195],[22.9177,47.4138],[22.9222,47.3949],[22.9348,47.3929],[22.9341,47.3814],[22.9572,47.3611],[22.9784,47.3523],[23.0119,47.3673],[23.0219,47.3573],[23.0889,47.3638],[23.1056,47.3739],[23.0915,47.3847],[23.1097,47.3962],[23.1187,47.4256],[23.1053,47.4414],[23.1395,47.4449],[23.16,47.4406],[23.183,47.4579],[23.2061,47.4456],[23.2177,47.4351],[23.2497,47.4369],[23.2664,47.4258],[23.2887,47.4271],[23.3133,47.4241],[23.3379,47.4123],[23.3594,47.4163],[23.3639,47.4005],[23.3866,47.3874],[23.3952,47.3919],[23.4391,47.3811],[23.4834,47.3781],[23.4945,47.3663],[23.5399,47.3698],[23.5805,47.3626],[23.5861,47.3724],[23.617,47.3764],[23.6129,47.3877],[23.6281,47.3942],[23.6471,47.3932],[23.6627,47.3799],[23.6683,47.3658],[23.7297,47.3211],[23.7613,47.3262],[23.7613,47.3355],[23.7911,47.3367],[23.8183,47.344],[23.8428,47.3402]]]}},{"type":"Feature","properties":{"ID_0":187,"ISO":"ROU","NAME_0":"Romania","ID_1":34,"NAME_1":"Satu Mare","TYPE_1":"Judet","ENGTYPE_1":"County","NL_NAME_1":"","VARNAME_1":""},"geometry":{"type":"Polygon","coordinates":[[[23.4953,47.968],[23.5116,47.9554],[23.5329,47.9517],[23.5444,47.9416],[23.5649,47.9441],[23.5916,47.8992],[23.6099,47.898],[23.6292,47.8867],[23.6415,47.8648],[23.6292,47.8533],[23.6121,47.8475],[23.5954,47.8493],[23.5764,47.8244],[23.5622,47.8146],[23.5619,47.8043],[23.5392,47.8028],[23.4737,47.7795],[23.4659,47.7672],[23.4164,47.7684],[23.4089,47.7762],[23.39,47.7795],[23.3129,47.7752],[23.3103,47.7865],[23.2831,47.7976],[23.2634,47.7976],[23.2266,47.7667],[23.237,47.7514],[23.2318,47.7396],[23.2441,47.7308],[23.2809,47.7233],[23.3085,47.7122],[23.3472,47.7059],[23.3639,47.6994],[23.365,47.6866],[23.3885,47.6876],[23.365,47.6658],[23.3576,47.668],[23.336,47.6527],[23.3416,47.6439],[23.3163,47.6382],[23.3058,47.6276],[23.2891,47.6304],[23.2865,47.6151],[23.2906,47.589],[23.2831,47.5774],[23.2623,47.5812],[23.259,47.5506],[23.2318,47.5541],[23.2136,47.5704],[23.1685,47.5937],[23.1443,47.6246],[23.1235,47.6148],[23.1023,47.592],[23.0669,47.5716],[23.055,47.5558],[23.0535,47.5297],[23.0439,47.5084],[23.0472,47.4876],[23.0037,47.4908],[22.9884,47.4838],[22.965,47.4868],[22.9631,47.479],[22.9851,47.461],[22.9676,47.4562],[22.9657,47.4396],[22.9996,47.4311],[23.0253,47.4296],[23.0368,47.4158],[23.0454,47.4331],[23.0807,47.4451],[23.1053,47.4414],[23.1187,47.4256],[23.1097,47.3962],[23.0915,47.3847],[23.1056,47.3739],[23.0889,47.3638],[23.0219,47.3573],[23.0119,47.3673],[22.9784,47.3523],[22.9572,47.3611],[22.9341,47.3814],[22.9348,47.3929],[22.9222,47.3949],[22.9177,47.4138],[22.8496,47.4195],[22.8347,47.4183],[22.8124,47.4002],[22.8035,47.4118],[22.7804,47.4165],[22.735,47.4052],[22.7242,47.3929],[22.6952,47.3867],[22.6755,47.3779],[22.6472,47.3746],[22.6442,47.3623],[22.6315,47.35],[22.6371,47.3402],[22.6144,47.335],[22.6137,47.3405],[22.5858,47.3585],[22.5612,47.3806],[22.5675,47.3929],[22.5523,47.4017],[22.537,47.3997],[22.5329,47.4168],[22.492,47.4256],[22.4715,47.4228],[22.4611,47.4321],[22.4313,47.4228],[22.409,47.4344],[22.3844,47.4286],[22.361,47.4288],[22.3428,47.4559],[22.342,47.4906],[22.3279,47.4996],[22.2899,47.5069],[22.2936,47.523],[22.2873,47.5353],[22.2568,47.5405],[22.2631,47.5563],[22.2579,47.5671],[22.2378,47.5651],[22.2315,47.5827],[22.2151,47.5862],[22.2088,47.5968],[22.1824,47.6005],[22.1898,47.6096],[22.2051,47.6552],[22.2226,47.6608],[22.2244,47.6828],[22.2326,47.6936],[22.2609,47.6992],[22.2661,47.7315],[22.2869,47.7295],[22.319,47.7436],[22.332,47.7654],[22.3588,47.7494],[22.3908,47.7456],[22.4276,47.7504],[22.4343,47.7624],[22.4425,47.792],[22.4496,47.8033],[22.4901,47.8061],[22.5415,47.7822],[22.5512,47.773],[22.6133,47.7722],[22.6386,47.781],[22.6617,47.7822],[22.6818,47.788],[22.7011,47.8186],[22.7212,47.8385],[22.7577,47.835],[22.7767,47.8427],[22.7748,47.8633],[22.7637,47.8673],[22.77,47.8789],[22.7648,47.8929],[22.7945,47.8912],[22.834,47.9095],[22.8485,47.9085],[22.8649,47.9226],[22.8887,47.9519],[22.9319,47.9597],[22.946,47.9695],[22.9374,47.9989],[22.9248,48.0024],[22.9285,48.0194],[22.9795,48.0102],[23.0152,47.9908],[23.032,48.0006],[23.0762,48.0089],[23.0926,48.0056],[23.0945,48.0225],[23.1109,48.0385],[23.0997,48.0445],[23.1138,48.0543],[23.1082,48.0639],[23.1254,48.0822],[23.1321,48.096],[23.1481,48.1],[23.1525,48.1121],[23.1786,48.1201],[23.1879,48.1118],[23.1909,48.098],[23.2482,48.0922],[23.2534,48.101],[23.2694,48.1005],[23.2705,48.0872],[23.2891,48.0757],[23.2858,48.0508],[23.2954,48.0445],[23.3144,48.0453],[23.3338,48.0337],[23.3401,48.0184],[23.3591,48.0147],[23.4052,47.9994],[23.419,47.9868],[23.4354,47.9908],[23.4514,47.9768],[23.4763,47.9743],[23.4953,47.968]]]}},{"type":"Feature","properties":{"ID_0":187,"ISO":"ROU","NAME_0":"Romania","ID_1":35,"NAME_1":"Sibiu","TYPE_1":"Judet","ENGTYPE_1":"County","NL_NAME_1":"","VARNAME_1":""},"geometry":{"type":"Polygon","coordinates":[[[24.9481,46.0794],[24.9637,46.0661],[24.9466,46.0516],[24.909,46.0383],[24.899,46.0418],[24.877,46.0302],[24.8669,46.0099],[24.8212,46.0059],[24.8402,45.9871],[24.8372,45.978],[24.7933,45.9733],[24.7702,45.9758],[24.7728,45.9622],[24.7527,45.9421],[24.7367,45.9389],[24.7226,45.9461],[24.7051,45.9406],[24.7166,45.8959],[24.7274,45.8919],[24.7564,45.8713],[24.7732,45.8686],[24.7769,45.8505],[24.7702,45.8392],[24.7561,45.8425],[24.736,45.8365],[24.711,45.8169],[24.6913,45.8349],[24.6857,45.8249],[24.6586,45.8149],[24.6407,45.7953],[24.6478,45.7649],[24.6604,45.7484],[24.6738,45.7205],[24.6824,45.712],[24.6786,45.6926],[24.6846,45.671],[24.679,45.6638],[24.6798,45.6469],[24.6712,45.6407],[24.6764,45.6163],[24.6865,45.6045],[24.6742,45.5952],[24.6455,45.6045],[24.5983,45.5965],[24.5674,45.5794],[24.5551,45.588],[24.5283,45.5804],[24.5145,45.5872],[24.4825,45.5729],[24.4792,45.5819],[24.4628,45.5812],[24.4479,45.5912],[24.4353,45.5822],[24.3884,45.5842],[24.3597,45.5767],[24.3259,45.5767],[24.3128,45.5681],[24.2857,45.5616],[24.2589,45.5433],[24.2306,45.5475],[24.2057,45.5237],[24.1811,45.5209],[24.1737,45.5147],[24.1383,45.5154],[24.1063,45.5112],[24.084,45.5124],[24.0378,45.5232],[24.0129,45.5322],[23.9749,45.534],[23.9679,45.5307],[23.924,45.5363],[23.9061,45.5292],[23.8689,45.5257],[23.8596,45.5352],[23.822,45.5297],[23.7922,45.5282],[23.7729,45.5109],[23.723,45.5026],[23.7051,45.4971],[23.6668,45.4936],[23.653,45.5114],[23.6538,45.5192],[23.6393,45.5448],[23.6229,45.5556],[23.6222,45.5762],[23.6315,45.589],[23.6504,45.5945],[23.6449,45.6113],[23.6344,45.6206],[23.6464,45.6304],[23.6464,45.6404],[23.627,45.6592],[23.5987,45.6705],[23.5928,45.6771],[23.608,45.6874],[23.5905,45.7027],[23.6047,45.7137],[23.6039,45.7235],[23.6203,45.7353],[23.6181,45.7453],[23.6292,45.7531],[23.6471,45.7463],[23.6605,45.7637],[23.64,45.7785],[23.6237,45.7835],[23.6285,45.8078],[23.646,45.8048],[23.697,45.8088],[23.6958,45.8257],[23.7163,45.8244],[23.7327,45.8319],[23.7342,45.8445],[23.7491,45.8621],[23.7751,45.8811],[23.7684,45.8887],[23.7513,45.8854],[23.7319,45.8974],[23.7316,45.91],[23.7513,45.9225],[23.7602,45.9203],[23.7937,45.9281],[23.8179,45.9236],[23.8373,45.9489],[23.8544,45.9589],[23.8626,45.977],[23.854,45.9858],[23.8585,46.0011],[23.8518,46.0119],[23.8931,46.044],[23.9694,46.0342],[23.9924,46.0187],[24.0088,46.0169],[24.0285,46.029],[24.0341,46.041],[24.0285,46.0629],[24.0445,46.0784],[24.075,46.0935],[24.0911,46.1161],[24.1249,46.1367],[24.1532,46.1352],[24.2183,46.1625],[24.2098,46.1758],[24.196,46.1776],[24.1904,46.1916],[24.2001,46.2137],[24.1919,46.2243],[24.2101,46.233],[24.2306,46.2318],[24.2507,46.2418],[24.2347,46.2476],[24.2328,46.2599],[24.2507,46.2504],[24.266,46.2536],[24.2745,46.2767],[24.2909,46.2842],[24.3009,46.2554],[24.3549,46.2546],[24.3806,46.2438],[24.3902,46.2536],[24.4245,46.2639],[24.4368,46.2584],[24.468,46.2624],[24.4903,46.2591],[24.5064,46.2456],[24.5171,46.2541],[24.5369,46.2509],[24.541,46.2609],[24.5644,46.2579],[24.5704,46.2669],[24.5972,46.2694],[24.6057,46.2521],[24.6262,46.2526],[24.634,46.2709],[24.6496,46.28],[24.6653,46.2815],[24.6768,46.2531],[24.6653,46.2351],[24.679,46.215],[24.6842,46.1836],[24.6757,46.1688],[24.6816,46.1485],[24.6705,46.1389],[24.6786,46.1274],[24.6746,46.1033],[24.6932,46.0947],[24.698,46.0837],[24.7177,46.0767],[24.7393,46.0897],[24.7613,46.0852],[24.7929,46.0988],[24.8197,46.0945],[24.8435,46.1073],[24.8647,46.1113],[24.9019,46.1065],[24.9016,46.0925],[24.9198,46.0797],[24.9481,46.0794]]]}},{"type":"Feature","properties":{"ID_0":187,"ISO":"ROU","NAME_0":"Romania","ID_1":36,"NAME_1":"Suceava","TYPE_1":"Judet","ENGTYPE_1":"County","NL_NAME_1":"","VARNAME_1":""},"geometry":{"type":"Polygon","coordinates":[[[26.7027,47.4718],[26.6818,47.4569],[26.6818,47.4401],[26.7027,47.42],[26.6688,47.406],[26.6495,47.4015],[26.6759,47.3811],[26.6629,47.3706],[26.6751,47.3588],[26.6376,47.3585],[26.6108,47.3555],[26.6007,47.3678],[26.5728,47.3766],[26.5724,47.3897],[26.5345,47.3902],[26.5289,47.405],[26.495,47.3924],[26.5084,47.3726],[26.5002,47.3621],[26.5125,47.3355],[26.5244,47.3365],[26.5427,47.3156],[26.5538,47.3094],[26.5762,47.3068],[26.5642,47.2925],[26.5501,47.3018],[26.5095,47.272],[26.5017,47.2837],[26.4459,47.3171],[26.4381,47.3274],[26.4072,47.3405],[26.3916,47.3327],[26.2788,47.2953],[26.2803,47.2863],[26.2539,47.28],[26.1873,47.3076],[26.1746,47.2968],[26.1456,47.2923],[26.1277,47.2986],[26.1069,47.2883],[26.0842,47.2848],[26.0578,47.2747],[26.0202,47.2893],[26.0098,47.2837],[25.9789,47.2888],[25.9692,47.2825],[25.9342,47.277],[25.9253,47.2594],[25.8873,47.2714],[25.8818,47.2858],[25.8594,47.295],[25.8371,47.3121],[25.817,47.3124],[25.7958,47.3199],[25.7705,47.3156],[25.7846,47.3013],[25.7917,47.2865],[25.8062,47.2802],[25.8148,47.2617],[25.7887,47.2381],[25.7459,47.2313],[25.7318,47.2175],[25.7307,47.2037],[25.7176,47.1961],[25.7217,47.1748],[25.7039,47.1731],[25.6923,47.155],[25.6994,47.1432],[25.6667,47.1191],[25.6633,47.092],[25.6254,47.0952],[25.603,47.0777],[25.5759,47.085],[25.5539,47.0814],[25.5372,47.0837],[25.5282,47.1055],[25.4728,47.1399],[25.462,47.1437],[25.427,47.1715],[25.4274,47.1843],[25.4054,47.1786],[25.3902,47.1811],[25.3757,47.1756],[25.3552,47.1756],[25.321,47.1653],[25.3094,47.166],[25.2964,47.1567],[25.2889,47.1326],[25.2975,47.1156],[25.2811,47.104],[25.2484,47.0983],[25.235,47.0985],[25.2268,47.1088],[25.2015,47.1138],[25.184,47.1281],[25.1658,47.1299],[25.1457,47.1136],[25.1271,47.1229],[25.0962,47.1208],[25.0649,47.1367],[25.0601,47.1527],[25.069,47.166],[25.0623,47.1786],[25.0582,47.2034],[25.0485,47.2212],[25.0761,47.2463],[25.0813,47.2576],[25.0526,47.2709],[25.0296,47.287],[25.0482,47.3036],[25.0809,47.3149],[25.0742,47.3294],[25.0787,47.341],[25.0619,47.3538],[25.0705,47.3693],[25.0366,47.3852],[25.0374,47.3922],[25.005,47.4133],[25.0009,47.4205],[25.0258,47.4359],[25.0526,47.4183],[25.0541,47.4316],[25.0753,47.4376],[25.0891,47.4477],[25.0675,47.4507],[25.0493,47.481],[25.0668,47.4848],[25.0939,47.5021],[25.0951,47.5124],[25.0679,47.5307],[25.0463,47.5601],[25.0069,47.5701],[24.9909,47.5862],[24.9626,47.597],[24.9604,47.6156],[24.9764,47.6141],[25.011,47.6329],[25.0545,47.6417],[25.053,47.659],[25.0236,47.6665],[24.9834,47.6951],[24.9618,47.7057],[24.9496,47.7177],[24.9488,47.7293],[24.9849,47.7298],[24.9983,47.7255],[25.0087,47.7346],[25.0419,47.7258],[25.0552,47.7438],[25.0668,47.7408],[25.1174,47.7551],[25.1178,47.7679],[25.1505,47.7923],[25.1673,47.791],[25.1684,47.8091],[25.1818,47.8257],[25.2041,47.8405],[25.203,47.8498],[25.2235,47.8588],[25.2261,47.8829],[25.2395,47.8954],[25.2711,47.8927],[25.3124,47.9145],[25.3481,47.9163],[25.5026,47.9331],[25.5941,47.9386],[25.6272,47.9489],[25.6585,47.9497],[25.7106,47.9416],[25.7351,47.9459],[25.7411,47.9419],[25.7764,47.9396],[25.8204,47.9544],[25.8274,47.9642],[25.8628,47.9705],[25.8937,47.9615],[25.9097,47.9652],[25.9164,47.9775],[25.942,47.976],[25.9536,47.971],[26.0626,47.9883],[26.1006,47.979],[26.1303,47.9549],[26.1274,47.9331],[26.1493,47.9246],[26.1642,47.9286],[26.1713,47.9195],[26.1932,47.9082],[26.1862,47.8927],[26.2148,47.8892],[26.2301,47.9005],[26.2505,47.8862],[26.2747,47.8756],[26.2703,47.8696],[26.284,47.8565],[26.3049,47.8558],[26.3023,47.8357],[26.3183,47.8267],[26.3257,47.8083],[26.3492,47.7945],[26.3547,47.7853],[26.3771,47.774],[26.4005,47.783],[26.4042,47.7627],[26.3953,47.7471],[26.4027,47.7411],[26.4225,47.7476],[26.4478,47.7338],[26.4608,47.714],[26.4984,47.6721],[26.5088,47.6638],[26.5114,47.652],[26.5378,47.649],[26.5389,47.6186],[26.5494,47.6171],[26.5497,47.5915],[26.5434,47.5827],[26.5613,47.5734],[26.5702,47.5488],[26.584,47.5393],[26.6056,47.533],[26.6063,47.5207],[26.5672,47.5142],[26.5542,47.5094],[26.5907,47.4908],[26.5899,47.4672],[26.6093,47.463],[26.6398,47.4697],[26.7027,47.4718]]]}},{"type":"Feature","properties":{"ID_0":187,"ISO":"ROU","NAME_0":"Romania","ID_1":37,"NAME_1":"Teleorman","TYPE_1":"Judet","ENGTYPE_1":"County","NL_NAME_1":"","VARNAME_1":""},"geometry":{"type":"Polygon","coordinates":[[[25.4817,44.4522],[25.4609,44.4215],[25.4519,44.42],[25.4304,44.4042],[25.427,44.3969],[25.4501,44.3874],[25.4512,44.3784],[25.4728,44.3736],[25.4784,44.3538],[25.4694,44.3257],[25.5115,44.3144],[25.5528,44.3189],[25.5725,44.3086],[25.5963,44.3111],[25.6049,44.3206],[25.6231,44.3159],[25.6332,44.3071],[25.6194,44.2918],[25.6521,44.275],[25.6577,44.2973],[25.6711,44.2928],[25.6693,44.2704],[25.686,44.2622],[25.6972,44.2499],[25.6864,44.2396],[25.6815,44.2238],[25.6682,44.212],[25.6678,44.2002],[25.657,44.169],[25.7046,44.1607],[25.6916,44.1537],[25.6789,44.1577],[25.6804,44.1269],[25.7083,44.1356],[25.7065,44.1093],[25.6603,44.1146],[25.6406,44.101],[25.6477,44.095],[25.6265,44.0862],[25.6172,44.0651],[25.6302,44.0516],[25.6082,44.0463],[25.6008,44.038],[25.5956,44.0139],[25.6053,43.9911],[25.593,43.9848],[25.6198,43.9564],[25.6194,43.9379],[25.5867,43.9381],[25.5859,43.907],[25.6161,43.9042],[25.6161,43.8824],[25.6086,43.8781],[25.6082,43.8447],[25.6309,43.8447],[25.6313,43.8209],[25.6611,43.8206],[25.6618,43.779],[25.6693,43.7734],[25.6525,43.7501],[25.6615,43.7463],[25.6641,43.7192],[25.6789,43.722],[25.6734,43.6916],[25.6428,43.6768],[25.6116,43.6675],[25.5725,43.6474],[25.5461,43.6432],[25.51,43.6472],[25.478,43.6409],[25.4523,43.6289],[25.3917,43.6193],[25.3697,43.6221],[25.341,43.6321],[25.3239,43.6442],[25.2893,43.6562],[25.2692,43.6746],[25.254,43.6831],[25.1687,43.7002],[25.1129,43.6848],[25.0549,43.6926],[25.0169,43.7142],[25.0002,43.7275],[24.9492,43.7295],[24.925,43.7165],[24.8807,43.7072],[24.8573,43.7072],[24.8253,43.7137],[24.8007,43.7082],[24.7542,43.6874],[24.736,43.6853],[24.7062,43.6941],[24.685,43.7052],[24.6586,43.724],[24.6667,43.7431],[24.6883,43.7601],[24.6853,43.7727],[24.6958,43.7822],[24.7494,43.7925],[24.7389,43.8031],[24.7449,43.8224],[24.7174,43.8292],[24.7252,43.8359],[24.7043,43.8513],[24.6958,43.8703],[24.6701,43.8671],[24.6649,43.8912],[24.6414,43.9266],[24.6247,43.9261],[24.6213,43.9341],[24.6351,43.9446],[24.6336,43.9617],[24.6195,43.9642],[24.5934,43.9584],[24.6065,43.9825],[24.6172,44.0104],[24.6146,44.0144],[24.6649,44.0295],[24.7218,44.0385],[24.7125,44.0593],[24.762,44.0691],[24.7605,44.0739],[24.8048,44.0789],[24.8022,44.0847],[24.8383,44.0885],[24.8558,44.0955],[24.8554,44.108],[24.8454,44.1339],[24.816,44.1507],[24.8059,44.16],[24.807,44.1708],[24.7948,44.1916],[24.8041,44.2014],[24.8387,44.2265],[24.826,44.2443],[24.8309,44.2727],[24.8238,44.2832],[24.8327,44.3098],[24.8457,44.3136],[24.8297,44.3327],[24.8186,44.3616],[24.8491,44.3686],[24.883,44.3688],[24.8856,44.3829],[24.9626,44.3796],[24.9782,44.3831],[25.0072,44.404],[25.0121,44.4113],[25.0478,44.3977],[25.0668,44.3977],[25.0958,44.4153],[25.1126,44.4163],[25.1591,44.4346],[25.1568,44.4381],[25.2048,44.4567],[25.2365,44.4246],[25.2521,44.4037],[25.2603,44.4092],[25.3049,44.4243],[25.299,44.4306],[25.3236,44.4409],[25.3239,44.4469],[25.3429,44.465],[25.3574,44.4597],[25.3678,44.4745],[25.3593,44.4798],[25.3704,44.4976],[25.3965,44.5184],[25.4404,44.5016],[25.4512,44.4916],[25.43,44.474],[25.4817,44.4522]]]}},{"type":"Feature","properties":{"ID_0":187,"ISO":"ROU","NAME_0":"Romania","ID_1":38,"NAME_1":"Timis","TYPE_1":"Judet","ENGTYPE_1":"County","NL_NAME_1":"","VARNAME_1":"Timis"},"geometry":{"type":"Polygon","coordinates":[[[20.7069,46.1613],[20.7188,46.1595],[20.7299,46.1452],[20.7657,46.1467],[20.7746,46.1432],[20.7835,46.1249],[20.7992,46.1218],[20.8051,46.1078],[20.8334,46.0912],[20.8587,46.0907],[20.8706,46.0829],[20.8903,46.0844],[20.9119,46.0732],[20.9424,46.0375],[20.9789,46.0388],[21.0515,46.0365],[21.0704,46.04],[21.076,46.0124],[21.0864,45.9973],[21.1118,45.9775],[21.1274,45.9775],[21.1732,45.9996],[21.1932,45.9853],[21.2386,45.972],[21.2394,45.9876],[21.2636,45.9951],[21.2755,46.0159],[21.2863,46.0204],[21.3161,46.0094],[21.3354,46.0091],[21.3469,46.0001],[21.3693,45.9908],[21.383,46.0009],[21.4229,46.0122],[21.4184,46.0172],[21.4511,46.0297],[21.437,46.0438],[21.479,46.0636],[21.4991,46.0694],[21.5174,46.0681],[21.5382,46.0332],[21.5259,46.0104],[21.5933,45.9948],[21.5925,45.9908],[21.6435,45.9743],[21.632,45.9451],[21.6502,45.9477],[21.6685,45.9271],[21.6692,45.9065],[21.6941,45.9168],[21.7053,45.9446],[21.7261,45.9687],[21.7243,45.9775],[21.744,45.9785],[21.7645,45.9567],[21.7771,45.9479],[21.7701,45.9389],[21.7708,45.9173],[21.8009,45.9256],[21.8095,45.9449],[21.8248,45.9627],[21.853,45.9474],[21.8672,45.9489],[21.8754,45.9577],[21.8951,45.9529],[21.9178,45.9635],[21.9215,45.9795],[21.9383,45.9883],[21.9591,45.9881],[21.9699,45.9946],[21.9892,45.9886],[21.9889,45.9778],[22.0,45.9682],[22.0105,45.9712],[22.0473,45.9627],[22.0678,45.9607],[22.1016,45.9419],[22.1269,45.9369],[22.1284,45.9273],[22.1556,45.921],[22.1682,45.9281],[22.2047,45.9215],[22.2196,45.9128],[22.2233,45.9035],[22.2453,45.903],[22.2479,45.9213],[22.2613,45.9346],[22.3037,45.9321],[22.3245,45.9717],[22.3539,45.973],[22.3818,45.9627],[22.4198,45.9374],[22.4105,45.9075],[22.3885,45.8977],[22.3856,45.8854],[22.3934,45.8744],[22.4098,45.8638],[22.431,45.8646],[22.4756,45.8269],[22.4797,45.8078],[22.4715,45.8018],[22.4823,45.787],[22.5017,45.7855],[22.5378,45.8013],[22.553,45.7792],[22.5422,45.7657],[22.508,45.7436],[22.4708,45.731],[22.4663,45.7227],[22.47,45.6939],[22.4641,45.6881],[22.4377,45.6826],[22.428,45.6693],[22.4209,45.664],[22.3982,45.6688],[22.3908,45.6628],[22.3591,45.6675],[22.3227,45.6625],[22.3119,45.6547],[22.2933,45.6201],[22.2922,45.6053],[22.2706,45.5857],[22.2561,45.587],[22.2386,45.6053],[22.2107,45.606],[22.1891,45.6183],[22.1731,45.6043],[22.1638,45.6088],[22.1359,45.5945],[22.1165,45.591],[22.1087,45.5952],[22.0752,45.5721],[22.0469,45.592],[22.0384,45.5875],[22.051,45.5744],[22.0488,45.5501],[22.0741,45.5659],[22.0871,45.5475],[22.099,45.5463],[22.1094,45.5363],[22.0897,45.5305],[22.0629,45.5285],[22.0514,45.5192],[22.0536,45.5101],[22.0358,45.5019],[22.0086,45.5044],[21.9766,45.5129],[21.9472,45.5061],[21.9386,45.534],[21.9319,45.54],[21.9085,45.54],[21.8936,45.546],[21.8828,45.5368],[21.8408,45.5368],[21.8329,45.5292],[21.7894,45.5335],[21.7492,45.545],[21.7466,45.5523],[21.7258,45.5631],[21.702,45.5639],[21.6893,45.5787],[21.6763,45.586],[21.6495,45.5804],[21.6294,45.5684],[21.6015,45.5714],[21.5992,45.5571],[21.5792,45.5448],[21.5747,45.5227],[21.5821,45.5061],[21.5613,45.5006],[21.53,45.4803],[21.5129,45.4778],[21.5017,45.4881],[21.4913,45.4863],[21.4537,45.4685],[21.4351,45.4712],[21.4336,45.4554],[21.4563,45.4542],[21.4586,45.4436],[21.4865,45.4351],[21.4902,45.4193],[21.4627,45.4153],[21.4422,45.4075],[21.4515,45.3867],[21.4519,45.3693],[21.4656,45.3588],[21.4541,45.3525],[21.4731,45.3365],[21.4954,45.3432],[21.5274,45.3314],[21.5334,45.3159],[21.562,45.3166],[21.5665,45.2865],[21.5576,45.2727],[21.5364,45.2647],[21.5319,45.2489],[21.523,45.2451],[21.5282,45.232],[21.5185,45.2255],[21.501,45.1964],[21.479,45.1939],[21.4403,45.2032],[21.4322,45.2137],[21.4042,45.2288],[21.3972,45.2192],[21.3711,45.2265],[21.3618,45.2225],[21.3455,45.232],[21.2937,45.2428],[21.2774,45.23],[21.2509,45.2441],[21.2249,45.2534],[21.2044,45.2657],[21.2104,45.2757],[21.1929,45.2873],[21.1817,45.3129],[21.1854,45.3211],[21.1638,45.3254],[21.146,45.3051],[21.1296,45.3051],[21.098,45.2965],[21.0824,45.3181],[21.063,45.3164],[21.0652,45.3324],[21.018,45.3249],[21.0113,45.3417],[21.0012,45.342],[20.9834,45.3578],[20.9618,45.3671],[20.9499,45.3859],[20.9372,45.3932],[20.922,45.4175],[20.9019,45.4173],[20.8669,45.4316],[20.8754,45.4381],[20.8747,45.4557],[20.862,45.4662],[20.8345,45.4803],[20.7727,45.4805],[20.7787,45.4913],[20.7701,45.5006],[20.8085,45.5162],[20.8341,45.5363],[20.8211,45.5508],[20.8152,45.5684],[20.7969,45.588],[20.7735,45.5834],[20.7672,45.6131],[20.7809,45.6229],[20.7906,45.6462],[20.8066,45.6575],[20.7977,45.6874],[20.8025,45.7024],[20.8044,45.7381],[20.8193,45.7524],[20.8248,45.7755],[20.785,45.7863],[20.7757,45.7549],[20.7344,45.7561],[20.7024,45.7509],[20.6831,45.7975],[20.6644,45.7945],[20.6522,45.8121],[20.6618,45.8294],[20.6135,45.8643],[20.596,45.8721],[20.5829,45.8696],[20.571,45.9105],[20.5513,45.9002],[20.5175,45.8924],[20.5033,45.911],[20.4847,45.9537],[20.449,45.9705],[20.4069,45.9655],[20.35,46.0001],[20.3593,46.0061],[20.3422,46.0365],[20.3474,46.0478],[20.3109,46.0724],[20.3038,46.087],[20.2748,46.0985],[20.2663,46.1098],[20.2718,46.1276],[20.2986,46.1525],[20.3143,46.1505],[20.3571,46.17],[20.3701,46.1532],[20.3991,46.1577],[20.4278,46.1457],[20.4605,46.1432],[20.497,46.1715],[20.4936,46.1813],[20.5048,46.1899],[20.5264,46.1813],[20.5457,46.1793],[20.5967,46.15],[20.6123,46.1457],[20.6354,46.1271],[20.651,46.1357],[20.6548,46.1487],[20.6652,46.1512],[20.6838,46.1449],[20.6953,46.1577],[20.7069,46.1613]]]}},{"type":"Feature","properties":{"ID_0":187,"ISO":"ROU","NAME_0":"Romania","ID_1":39,"NAME_1":"Tulcea","TYPE_1":"Judet","ENGTYPE_1":"County","NL_NAME_1":"","VARNAME_1":""},"geometry":{"type":"Polygon","coordinates":[[[28.2344,45.4635],[28.2694,45.4534],[28.2883,45.4333],[28.2869,45.4002],[28.3356,45.3334],[28.3516,45.3201],[28.4465,45.2898],[28.4569,45.288],[28.534,45.2627],[28.5626,45.2499],[28.6344,45.2448],[28.6739,45.2368],[28.6981,45.2265],[28.7204,45.2245],[28.745,45.2335],[28.7822,45.2378],[28.7937,45.2499],[28.7636,45.2659],[28.7539,45.2792],[28.7583,45.2895],[28.7948,45.2935],[28.8071,45.3093],[28.7818,45.3234],[28.8041,45.3362],[28.819,45.3362],[28.8465,45.3184],[28.8748,45.3164],[28.9005,45.2973],[28.9269,45.2827],[28.9504,45.2832],[28.9556,45.2988],[28.95,45.3093],[28.9664,45.3322],[28.9842,45.3319],[29.0304,45.352],[29.0453,45.3611],[29.0613,45.3608],[29.0858,45.3741],[29.1044,45.3744],[29.1208,45.3814],[29.1524,45.3889],[29.1826,45.4025],[29.1863,45.411],[29.2131,45.418],[29.2384,45.4323],[29.2518,45.4353],[29.2715,45.4281],[29.3005,45.4303],[29.3195,45.4461],[29.3311,45.4479],[29.3597,45.4371],[29.3824,45.4399],[29.3995,45.4366],[29.4315,45.4429],[29.4427,45.4336],[29.4807,45.422],[29.5398,45.4118],[29.5912,45.3902],[29.6317,45.3545],[29.6526,45.34],[29.6716,45.3051],[29.6794,45.2694],[29.6615,45.2519],[29.6742,45.2092],[29.6392,45.2245],[29.6303,45.2067],[29.6429,45.1683],[29.6556,45.1613],[29.6835,45.1602],[29.7032,45.1648],[29.6753,45.1372],[29.6597,45.1121],[29.6522,45.0932],[29.6451,45.0556],[29.6358,44.9898],[29.6347,44.9675],[29.6169,44.8641],[29.6042,44.8407],[29.5897,44.8337],[29.5718,44.8349],[29.5569,44.8247],[29.4874,44.8204],[29.4349,44.8141],[29.3076,44.8046],[29.2659,44.7996],[29.2179,44.7913],[29.1565,44.7765],[29.1238,44.7669],[29.0881,44.7506],[29.0542,44.7293],[29.0136,44.6979],[28.9943,44.6806],[28.9853,44.6788],[28.966,44.6924],[28.9325,44.6979],[28.9187,44.6886],[28.8927,44.6776],[28.8521,44.6537],[28.8261,44.6324],[28.7907,44.6362],[28.7799,44.6552],[28.7223,44.6547],[28.6847,44.6502],[28.6735,44.655],[28.6847,44.669],[28.6069,44.66],[28.592,44.6542],[28.5823,44.6582],[28.534,44.6615],[28.5295,44.6331],[28.4711,44.6485],[28.4703,44.6587],[28.4502,44.6635],[28.4517,44.6746],[28.4365,44.6748],[28.4283,44.656],[28.4469,44.6527],[28.4361,44.6168],[28.4149,44.6131],[28.4138,44.6271],[28.3881,44.6399],[28.3884,44.652],[28.3784,44.6653],[28.387,44.6808],[28.3665,44.6919],[28.3512,44.6909],[28.3163,44.6964],[28.3285,44.7074],[28.3144,44.7117],[28.2932,44.7089],[28.2753,44.6976],[28.2325,44.7117],[28.2455,44.7235],[28.2411,44.7649],[28.2173,44.7624],[28.218,44.7549],[28.1964,44.7546],[28.1827,44.7612],[28.183,44.7857],[28.1544,44.8008],[28.1339,44.8011],[28.1164,44.7933],[28.0755,44.8041],[28.0755,44.8144],[28.0989,44.847],[28.0997,44.8578],[28.1101,44.8701],[28.1384,44.8824],[28.144,44.8904],[28.1291,44.9045],[28.1265,44.9225],[28.1309,44.9404],[28.1521,44.9705],[28.144,44.9798],[28.1298,45.0139],[28.1332,45.0245],[28.154,45.0383],[28.1402,45.0646],[28.1365,45.099],[28.1737,45.1008],[28.1801,45.1085],[28.1707,45.1208],[28.1953,45.1346],[28.1979,45.1402],[28.1734,45.1485],[28.1425,45.1688],[28.093,45.1906],[28.1313,45.2325],[28.1175,45.2581],[28.0863,45.2499],[28.0476,45.2581],[28.0193,45.2699],[27.9962,45.287],[28.0014,45.3091],[28.0282,45.3661],[28.0286,45.3957],[28.0319,45.4045],[28.0405,45.416],[28.0766,45.4351],[28.109,45.4416],[28.1324,45.4376],[28.1834,45.4135],[28.1942,45.417],[28.1975,45.4522],[28.2169,45.4617],[28.2344,45.4635]]]}},{"type":"Feature","properties":{"ID_0":187,"ISO":"ROU","NAME_0":"Romania","ID_1":40,"NAME_1":"V\u00e2lcea","TYPE_1":"Judet","ENGTYPE_1":"County","NL_NAME_1":"","VARNAME_1":"Valcea"},"geometry":{"type":"Polygon","coordinates":[[[24.5145,45.5872],[24.5145,45.5721],[24.5354,45.5506],[24.5421,45.536],[24.5216,45.525],[24.5153,45.5112],[24.5294,45.4968],[24.5264,45.476],[24.5175,45.4665],[24.487,45.4627],[24.4807,45.4379],[24.4848,45.417],[24.4933,45.3987],[24.5071,45.3831],[24.4956,45.3791],[24.5026,45.3631],[24.4915,45.3583],[24.4848,45.3322],[24.4937,45.3149],[24.4825,45.3028],[24.4933,45.278],[24.481,45.2687],[24.4851,45.2574],[24.4695,45.232],[24.4743,45.2122],[24.4985,45.2082],[24.4892,45.1964],[24.5149,45.1891],[24.5145,45.166],[24.5015,45.1585],[24.5201,45.1377],[24.5142,45.1085],[24.4944,45.1108],[24.5086,45.0849],[24.4933,45.0769],[24.4829,45.0614],[24.5134,45.0553],[24.5197,45.0413],[24.49,45.0229],[24.4848,45.0139],[24.5086,45.0006],[24.4825,44.976],[24.4807,44.964],[24.5011,44.9456],[24.4866,44.9369],[24.4658,44.9148],[24.465,44.9045],[24.4814,44.8995],[24.4695,44.8814],[24.4647,44.8626],[24.4397,44.8457],[24.4182,44.8558],[24.4256,44.8904],[24.3917,44.9017],[24.3813,44.8826],[24.3698,44.8721],[24.3341,44.8651],[24.3434,44.8538],[24.3203,44.8397],[24.3248,44.8309],[24.3188,44.793],[24.2987,44.7719],[24.276,44.7692],[24.2842,44.7501],[24.2779,44.7411],[24.2812,44.7079],[24.3021,44.667],[24.3087,44.6457],[24.3262,44.6133],[24.3266,44.5611],[24.2894,44.5666],[24.289,44.5867],[24.2827,44.6023],[24.2611,44.6005],[24.2604,44.5493],[24.2485,44.5531],[24.1997,44.5543],[24.1867,44.5463],[24.1737,44.5566],[24.1569,44.5588],[24.1431,44.5543],[24.132,44.5415],[24.119,44.5383],[24.0966,44.5162],[24.0791,44.4906],[24.0661,44.4961],[24.0542,44.5112],[24.0274,44.5305],[23.9909,44.5385],[23.9582,44.5312],[23.9411,44.5355],[23.9299,44.5305],[23.9232,44.5634],[23.9124,44.5789],[23.8994,44.5752],[23.883,44.6148],[23.9009,44.6259],[23.8774,44.6306],[23.8611,44.6256],[23.844,44.6387],[23.8294,44.6364],[23.8183,44.6479],[23.7896,44.6377],[23.7885,44.6633],[23.7926,44.6695],[23.7822,44.6891],[23.787,44.6936],[23.7826,44.7137],[23.7785,44.7323],[23.7826,44.7596],[23.7721,44.779],[23.7777,44.7973],[23.7974,44.8171],[23.7833,44.8387],[23.787,44.845],[23.7818,44.8623],[23.7684,44.8723],[23.7621,44.8982],[23.771,44.9085],[23.7662,44.9253],[23.774,44.9497],[23.7636,44.9667],[23.7591,45.0046],[23.7736,45.0094],[23.7967,45.0237],[23.784,45.0636],[23.8302,45.0749],[23.8302,45.0882],[23.8186,45.1023],[23.825,45.1163],[23.8149,45.1241],[23.8298,45.1359],[23.8499,45.1409],[23.857,45.1507],[23.8533,45.1693],[23.841,45.1934],[23.8194,45.2077],[23.7978,45.2614],[23.8272,45.3008],[23.8458,45.3154],[23.848,45.3277],[23.8272,45.3357],[23.8168,45.3462],[23.7941,45.3505],[23.7788,45.349],[23.761,45.3372],[23.7219,45.3297],[23.7118,45.3344],[23.6884,45.3274],[23.6705,45.3417],[23.6527,45.3498],[23.6411,45.3488],[23.6307,45.3354],[23.6028,45.3432],[23.592,45.3533],[23.5868,45.3701],[23.6017,45.3774],[23.6021,45.3884],[23.5928,45.402],[23.5939,45.4215],[23.5783,45.4238],[23.5969,45.4527],[23.5995,45.4727],[23.6129,45.467],[23.6177,45.4569],[23.6419,45.4559],[23.6765,45.4672],[23.6895,45.4773],[23.6914,45.4871],[23.7051,45.4971],[23.723,45.5026],[23.7729,45.5109],[23.7922,45.5282],[23.822,45.5297],[23.8596,45.5352],[23.8689,45.5257],[23.9061,45.5292],[23.924,45.5363],[23.9679,45.5307],[23.9749,45.534],[24.0129,45.5322],[24.0378,45.5232],[24.084,45.5124],[24.1063,45.5112],[24.1383,45.5154],[24.1737,45.5147],[24.1811,45.5209],[24.2057,45.5237],[24.2306,45.5475],[24.2589,45.5433],[24.2857,45.5616],[24.3128,45.5681],[24.3259,45.5767],[24.3597,45.5767],[24.3884,45.5842],[24.4353,45.5822],[24.4479,45.5912],[24.4628,45.5812],[24.4792,45.5819],[24.4825,45.5729],[24.5145,45.5872]]]}},{"type":"Feature","properties":{"ID_0":187,"ISO":"ROU","NAME_0":"Romania","ID_1":41,"NAME_1":"Vaslui","TYPE_1":"Judet","ENGTYPE_1":"County","NL_NAME_1":"","VARNAME_1":""},"geometry":{"type":"Polygon","coordinates":[[[28.116,46.838],[28.1157,46.8224],[28.135,46.8031],[28.1681,46.7903],[28.1641,46.7785],[28.1804,46.7692],[28.1748,46.7519],[28.1879,46.7255],[28.2028,46.7217],[28.2228,46.6899],[28.2251,46.6766],[28.2377,46.6653],[28.2448,46.6339],[28.253,46.6216],[28.2426,46.592],[28.224,46.5794],[28.2344,46.5636],[28.218,46.5395],[28.231,46.5252],[28.2109,46.5064],[28.224,46.5024],[28.2333,46.4851],[28.2474,46.4768],[28.2589,46.46],[28.2601,46.4273],[28.2318,46.4148],[28.2448,46.3959],[28.2255,46.3887],[28.1998,46.3698],[28.2046,46.357],[28.1886,46.3264],[28.2087,46.3179],[28.1968,46.3033],[28.1707,46.2943],[28.154,46.279],[28.1391,46.2827],[28.1339,46.2564],[28.1134,46.2333],[28.1093,46.2147],[28.1276,46.2077],[28.1454,46.1796],[28.1339,46.1547],[28.125,46.148],[28.1354,46.1296],[28.1175,46.108],[28.106,46.1171],[28.0773,46.1178],[28.0427,46.1068],[28.0104,46.1053],[28.0107,46.1156],[27.9858,46.1108],[27.9746,46.1216],[27.965,46.1414],[27.9411,46.1354],[27.9277,46.1527],[27.9121,46.154],[27.8868,46.1457],[27.8734,46.1457],[27.8708,46.1615],[27.8477,46.1587],[27.847,46.1266],[27.8094,46.1118],[27.8168,46.105],[27.7845,46.0952],[27.7815,46.1113],[27.7651,46.1156],[27.764,46.1281],[27.7127,46.1294],[27.6814,46.1382],[27.6732,46.1331],[27.652,46.1407],[27.6118,46.1364],[27.5928,46.1505],[27.5828,46.1447],[27.5954,46.1264],[27.5895,46.1116],[27.6077,46.0915],[27.6125,46.0769],[27.6289,46.0616],[27.6014,46.0563],[27.5973,46.028],[27.6059,46.0197],[27.5884,46.0079],[27.5638,46.0069],[27.5441,46.0194],[27.5292,46.044],[27.5169,46.0566],[27.5337,46.0674],[27.5188,46.0857],[27.537,46.0947],[27.5262,46.1148],[27.5046,46.1397],[27.4864,46.1457],[27.4946,46.1595],[27.502,46.1648],[27.5102,46.1934],[27.508,46.2197],[27.4804,46.221],[27.4711,46.2682],[27.4849,46.2817],[27.4652,46.2965],[27.4685,46.3026],[27.4577,46.3214],[27.4756,46.3234],[27.4775,46.3309],[27.4603,46.3606],[27.4536,46.3791],[27.4507,46.4005],[27.4343,46.413],[27.4216,46.4313],[27.4127,46.4577],[27.3993,46.4722],[27.3692,46.5337],[27.3375,46.5656],[27.3297,46.5857],[27.2996,46.6068],[27.278,46.6256],[27.2947,46.6394],[27.3212,46.6537],[27.2944,46.6771],[27.3282,46.6982],[27.2903,46.7162],[27.2408,46.7356],[27.2386,46.7479],[27.2125,46.7612],[27.2077,46.7702],[27.2356,46.7775],[27.2311,46.7855],[27.2151,46.7895],[27.2144,46.8031],[27.2233,46.8317],[27.2088,46.8402],[27.2211,46.849],[27.1946,46.8688],[27.2039,46.8829],[27.2281,46.8683],[27.2531,46.8678],[27.2799,46.8718],[27.2966,46.8676],[27.3379,46.8681],[27.3398,46.8749],[27.3785,46.8897],[27.3997,46.8939],[27.4038,46.8761],[27.4153,46.8761],[27.4261,46.8628],[27.4734,46.8713],[27.4912,46.8698],[27.502,46.8769],[27.518,46.8754],[27.5348,46.8824],[27.5258,46.8909],[27.5214,46.9148],[27.5478,46.9148],[27.5649,46.8859],[27.5861,46.8892],[27.601,46.8824],[27.6088,46.8932],[27.6334,46.8969],[27.6397,46.9128],[27.6163,46.9291],[27.6185,46.9502],[27.6085,46.9574],[27.6103,46.9707],[27.6226,46.9918],[27.6393,46.9775],[27.6609,46.9743],[27.6847,46.9554],[27.6952,46.9374],[27.7071,46.9404],[27.726,46.9203],[27.7346,46.9226],[27.7461,46.9027],[27.77,46.8781],[27.793,46.8746],[27.7841,46.898],[27.7856,46.9067],[27.7718,46.9323],[27.7726,46.9494],[27.7856,46.9459],[27.8116,46.9537],[27.8172,46.9436],[27.8135,46.9323],[27.8105,46.8947],[27.8154,46.8804],[27.7986,46.8606],[27.8314,46.8538],[27.8343,46.8638],[27.8489,46.8656],[27.8682,46.856],[27.8712,46.84],[27.9095,46.8066],[27.93,46.8196],[27.9497,46.8377],[27.9437,46.8553],[27.981,46.8578],[27.9918,46.8387],[28.0163,46.8339],[28.0439,46.8435],[28.055,46.8518],[28.093,46.8488],[28.116,46.838]]]}},{"type":"Feature","properties":{"ID_0":187,"ISO":"ROU","NAME_0":"Romania","ID_1":42,"NAME_1":"Vrancea","TYPE_1":"Judet","ENGTYPE_1":"County","NL_NAME_1":"","VARNAME_1":""},"geometry":{"type":"Polygon","coordinates":[[[27.4946,46.1595],[27.4864,46.1457],[27.5046,46.1397],[27.4857,46.1399],[27.4827,46.1261],[27.4499,46.1269],[27.428,46.1394],[27.4198,46.1309],[27.4298,46.1163],[27.4242,46.1116],[27.4302,46.093],[27.396,46.0865],[27.371,46.087],[27.3699,46.0789],[27.3238,46.0794],[27.3227,46.0857],[27.2977,46.0847],[27.2832,46.0754],[27.281,46.0596],[27.2702,46.0418],[27.2348,46.042],[27.2352,46.0222],[27.2278,46.0029],[27.2345,45.9893],[27.2389,45.9562],[27.2508,45.9351],[27.2627,45.9231],[27.2761,45.8982],[27.2862,45.8869],[27.2538,45.8826],[27.2501,45.8729],[27.2724,45.8741],[27.2817,45.857],[27.2918,45.8603],[27.3063,45.8425],[27.3208,45.8058],[27.3401,45.784],[27.3584,45.7556],[27.3535,45.7511],[27.3647,45.7258],[27.4042,45.6889],[27.4112,45.6781],[27.4269,45.6693],[27.4492,45.6776],[27.4563,45.6547],[27.4715,45.6369],[27.4849,45.6409],[27.5002,45.6357],[27.5154,45.6188],[27.5195,45.5922],[27.5325,45.5792],[27.5117,45.5769],[27.5057,45.5634],[27.5258,45.5536],[27.5299,45.5418],[27.5262,45.5197],[27.5415,45.5122],[27.5444,45.4996],[27.5601,45.4886],[27.4819,45.4366],[27.4414,45.4148],[27.4306,45.406],[27.4354,45.3947],[27.4023,45.3771],[27.3952,45.3834],[27.38,45.3751],[27.3383,45.3716],[27.3413,45.3839],[27.2717,45.3904],[27.2657,45.4213],[27.2817,45.4278],[27.281,45.4547],[27.2583,45.4494],[27.2382,45.4326],[27.2252,45.4278],[27.2058,45.4532],[27.1958,45.4537],[27.1764,45.4286],[27.1492,45.4165],[27.1448,45.4108],[27.1161,45.4095],[27.121,45.4215],[27.1061,45.4263],[27.1221,45.4479],[27.1444,45.4517],[27.16,45.4655],[27.1377,45.466],[27.1109,45.4753],[27.0916,45.4461],[27.0499,45.4519],[27.003,45.4913],[26.9732,45.535],[26.9568,45.5292],[26.9297,45.535],[26.9021,45.535],[26.9014,45.5235],[26.8869,45.5167],[26.8545,45.5255],[26.834,45.5187],[26.8262,45.5232],[26.8069,45.5481],[26.7682,45.5516],[26.7496,45.5491],[26.7485,45.5629],[26.738,45.5711],[26.7217,45.5714],[26.6863,45.602],[26.6677,45.6118],[26.6495,45.6093],[26.6163,45.6281],[26.5951,45.6206],[26.5914,45.6341],[26.5803,45.6367],[26.5624,45.6281],[26.5427,45.6419],[26.5315,45.6414],[26.5095,45.6673],[26.4943,45.6771],[26.4846,45.7014],[26.4686,45.7049],[26.4682,45.7197],[26.4437,45.7313],[26.4377,45.7398],[26.4444,45.7509],[26.4429,45.7757],[26.428,45.789],[26.4113,45.7903],[26.3934,45.8028],[26.3767,45.8232],[26.3726,45.8437],[26.3759,45.858],[26.3893,45.8739],[26.3786,45.8897],[26.3771,45.9075],[26.396,45.921],[26.389,45.9394],[26.3908,45.9554],[26.3994,45.9662],[26.4388,45.9893],[26.4336,46.0004],[26.447,46.0202],[26.4414,46.0393],[26.4582,46.0345],[26.4928,46.0455],[26.5174,46.0272],[26.5367,46.0287],[26.5743,46.0172],[26.5814,46.0217],[26.5877,46.0408],[26.61,46.0453],[26.6424,46.0659],[26.6413,46.0709],[26.6688,46.0897],[26.6964,46.089],[26.706,46.095],[26.7205,46.089],[26.7872,46.089],[26.8091,46.0661],[26.8244,46.0719],[26.8463,46.0716],[26.8493,46.0787],[26.8783,46.0822],[26.9003,46.0784],[26.9345,46.0651],[26.9431,46.0832],[26.9531,46.0862],[26.9554,46.1055],[26.9918,46.1133],[27.0335,46.0993],[27.0756,46.0877],[27.0875,46.0942],[27.1038,46.0895],[27.1079,46.1133],[27.1232,46.102],[27.1411,46.1316],[27.131,46.1387],[27.1325,46.1502],[27.1716,46.1698],[27.1798,46.1806],[27.2028,46.1798],[27.2233,46.1916],[27.2371,46.1896],[27.2408,46.1786],[27.2713,46.1833],[27.2642,46.2007],[27.307,46.2057],[27.3193,46.2029],[27.3245,46.1843],[27.3353,46.1688],[27.3517,46.169],[27.3517,46.1532],[27.3766,46.1582],[27.3822,46.1653],[27.3807,46.1901],[27.3952,46.1946],[27.4496,46.1843],[27.4607,46.1577],[27.483,46.1665],[27.4946,46.1595]]]}}]}